DTIME;TT
2020-06-02 08:00:00;
2020-06-02 09:00:00;21.177555555555546
2020-06-02 10:00:00;22.45288055555563
2020-06-02 11:00:00;23.846413888888932
2020-06-02 12:00:00;24.911594444444624
2020-06-02 13:00:00;24.682091666666913
2020-06-02 14:00:00;24.89974444444495
2020-06-02 15:00:00;25.285522222222642
2020-06-02 16:00:00;24.81523055555599
2020-06-02 17:00:00;24.80248888888905
2020-06-02 18:00:00;24.07689166666666
2020-06-02 19:00:00;22.67002222222243
2020-06-02 20:00:00;20.730713888888854
2020-06-02 21:00:00;19.044333333333498
2020-06-02 22:00:00;17.049436111111238
2020-06-02 23:00:00;15.937335370936449
2020-06-03 00:00:00;15.128780555555752
2020-06-03 01:00:00;14.713700000000019
2020-06-03 02:00:00;14.463319444444542
2020-06-03 03:00:00;13.962619444444465
2020-06-03 04:00:00;14.231769444444414
2020-06-03 05:00:00;15.702577777777787
2020-06-03 06:00:00;17.920311111111253
2020-06-03 07:00:00;20.17458333333329
2020-06-03 08:00:00;21.52563611111084
2020-06-03 09:00:00;22.830091666666625
2020-06-03 10:00:00;24.05571944444457
2020-06-03 11:00:00;25.48265555555543
2020-06-03 12:00:00;26.116102777777833
2020-06-03 13:00:00;26.362811111111178
2020-06-03 14:00:00;25.843747222222405
2020-06-03 15:00:00;23.932919444444604
2020-06-03 16:00:00;17.635194444444554
2020-06-03 17:00:00;16.586008333333506
2020-06-03 18:00:00;17.03951944444406
2020-06-03 19:00:00;16.38950555555562
2020-06-03 20:00:00;16.31456515698816
2020-06-03 21:00:00;16.297747222222352
2020-06-03 22:00:00;16.197172222222303
2020-06-03 23:00:00;15.438919444444576
2020-06-04 00:00:00;15.25194444444459
2020-06-04 01:00:00;14.667119444444394
2020-06-04 02:00:00;14.187697222222084
2020-06-04 03:00:00;13.796266666666913
2020-06-04 04:00:00;13.570402777778089
2020-06-04 05:00:00;14.033947222222256
2020-06-04 06:00:00;15.155155555555625
2020-06-04 07:00:00;16.571222222222346
2020-06-04 08:00:00;18.33621561544891
2020-06-04 09:00:00;19.443736111111114
2020-06-04 10:00:00;20.137586111111048
2020-06-04 11:00:00;17.528391666666966
2020-06-04 12:00:00;15.52076944444482
2020-06-04 13:00:00;14.9227361111114
2020-06-04 14:00:00;14.649511111111405
2020-06-04 15:00:00;15.130536111111445
2020-06-04 16:00:00;15.552561111111586
2020-06-04 17:00:00;14.45398444012231
2020-06-04 18:00:00;13.749949986107788
2020-06-04 19:00:00;13.264788888889015
2020-06-04 20:00:00;12.72475277777798
2020-06-04 21:00:00;12.491969444444967
2020-06-04 22:00:00;12.352902777778189
2020-06-04 23:00:00;12.158188888889086
2020-06-05 00:00:00;12.088508333333635
2020-06-05 01:00:00;11.700433333333775
2020-06-05 02:00:00;10.66118611111143
2020-06-05 03:00:00;10.320738888889363
2020-06-05 04:00:00;10.337486111111684
2020-06-05 05:00:00;10.502863888889411
2020-06-05 06:00:00;11.076072222222574
2020-06-05 07:00:00;11.911144444444762
2020-06-05 08:00:00;12.826355555555756
2020-06-05 09:00:00;13.366838888889193
2020-06-05 10:00:00;13.827947222222368
2020-06-05 11:00:00;15.623561111111393
2020-06-05 12:00:00;16.99736871353178
2020-06-05 13:00:00;17.237966666666807
2020-06-05 14:00:00;17.054450000000216
2020-06-05 15:00:00;16.655069444444912
2020-06-05 16:00:00;15.492705555555878
2020-06-05 17:00:00;11.149547222222472
2020-06-05 18:00:00;10.562833333333689
2020-06-05 19:00:00;10.037075000000248
2020-06-05 20:00:00;9.874036111111069
2020-06-05 21:00:00;9.725608333333275
2020-06-05 22:00:00;9.18197500000001
2020-06-05 23:00:00;9.009086111110934
2020-06-06 00:00:00;8.922236111110937
2020-06-06 01:00:00;8.463166666666764
2020-06-06 02:00:00;8.095549999999786
2020-06-06 03:00:00;7.969761111110837
2020-06-06 04:00:00;8.209658333333337
2020-06-06 05:00:00;9.007204779105326
2020-06-06 06:00:00;9.878111111110757
2020-06-06 07:00:00;11.309033333333234
2020-06-06 08:00:00;12.611633333333211
2020-06-06 09:00:00;14.305458333333107
2020-06-06 10:00:00;15.026052777777648
2020-06-06 11:00:00;15.742202777777717
2020-06-06 12:00:00;15.518391666666483
2020-06-06 13:00:00;15.345438888888738
2020-06-06 14:00:00;15.743399999999951
2020-06-06 15:00:00;14.632186111110942
2020-06-06 16:00:00;13.694124999999874
2020-06-06 17:00:00;13.115041666666446
2020-06-06 18:00:00;12.77257222222214
2020-06-06 19:00:00;11.589144444444456
2020-06-06 20:00:00;11.288158333333303
2020-06-06 21:00:00;11.718466666666313
2020-06-06 22:00:00;10.821894444444306
2020-06-06 23:00:00;9.98170555555531
2020-06-07 00:00:00;9.457521533759277
2020-06-07 01:00:00;8.864561111110758
2020-06-07 02:00:00;8.226102777777315
2020-06-07 03:00:00;8.727949999999371
2020-06-07 04:00:00;9.739336111110568
2020-06-07 05:00:00;10.696738888888515
2020-06-07 06:00:00;12.537677777777231
2020-06-07 07:00:00;13.447824999999401
2020-06-07 08:00:00;14.229019444443766
2020-06-07 09:00:00;15.328880555555155
2020-06-07 10:00:00;15.708663888888413
2020-06-07 11:00:00;16.002852777777278
2020-06-07 12:00:00;16.899319444443925
2020-06-07 13:00:00;16.62459999999947
2020-06-07 14:00:00;16.593983333333007
2020-06-07 15:00:00;14.230161111110569
2020-06-07 16:00:00;14.967577777777294
2020-06-07 17:00:00;15.486686111110572
2020-06-07 18:00:00;15.45555833333278
2020-06-07 19:00:00;14.714516666666164
2020-06-07 20:00:00;13.436660183383806
2020-06-07 21:00:00;13.420744444443967
2020-06-07 22:00:00;13.234783333332803
2020-06-07 23:00:00;12.097322222221846
2020-06-08 00:00:00;12.336791666666405
2020-06-08 01:00:00;11.398802777777505
2020-06-08 02:00:00;11.348863888888411
2020-06-08 03:00:00;11.86074166666675
2020-06-08 04:00:00;12.176913888889002
2020-06-08 05:00:00;12.85258611111058
2020-06-08 06:00:00;13.98916666666609
2020-06-08 07:00:00;14.72776111111053
2020-06-08 08:00:00;15.800866666666007
2020-06-08 09:00:00;15.761433333332796
2020-06-08 10:00:00;16.55096388888863
2020-06-08 11:00:00;17.851444444444052
2020-06-08 12:00:00;18.648705555555086
2020-06-08 13:00:00;17.56898055555509
2020-06-08 14:00:00;18.315586111110772
2020-06-08 15:00:00;16.800119444443748
2020-06-08 16:00:00;16.153867741038766
2020-06-08 17:00:00;16.180830555555037
2020-06-08 18:00:00;16.31199722222175
2020-06-08 19:00:00;15.911552777777194
2020-06-08 20:00:00;14.820208333332687
2020-06-08 21:00:00;14.682877777777252
2020-06-08 22:00:00;14.445699999999466
2020-06-08 23:00:00;13.517513888888285
2020-06-09 00:00:00;12.51826111111067
2020-06-09 01:00:00;11.733236111110509
2020-06-09 02:00:00;11.644555555554952
2020-06-09 03:00:00;11.29071111111082
2020-06-09 04:00:00;11.112963888888322
2020-06-09 05:00:00;11.087908333332868
2020-06-09 06:00:00;12.5053888888885
2020-06-09 07:00:00;14.584974999999465
2020-06-09 08:00:00;15.531849999999366
2020-06-09 09:00:00;16.32689722222169
2020-06-09 10:00:00;16.98321388888826
2020-06-09 11:00:00;17.521902777777154
2020-06-09 12:00:00;18.759980550152193
2020-06-09 13:00:00;18.629930555555056
2020-06-09 14:00:00;19.583611111110212
2020-06-09 15:00:00;19.68956944444353
2020-06-09 16:00:00;19.526166666665922
2020-06-09 17:00:00;18.68233611111043
2020-06-09 18:00:00;17.793638888888246
2020-06-09 19:00:00;17.146030555554663
2020-06-09 20:00:00;16.49576944444408
2020-06-09 21:00:00;15.697908333332627
2020-06-09 22:00:00;14.992641666666108
2020-06-09 23:00:00;14.525955555554798
2020-06-10 00:00:00;14.146863888888268
2020-06-10 01:00:00;13.781136111110744
2020-06-10 02:00:00;13.448191666666016
2020-06-10 03:00:00;13.300105555554698
2020-06-10 04:00:00;13.25613888888785
2020-06-10 05:00:00;13.785591666666159
2020-06-10 06:00:00;14.706377777777035
2020-06-10 07:00:00;15.859580555554974
2020-06-10 08:00:00;17.072449999999414
2020-06-10 09:00:00;17.980225062516773
2020-06-10 10:00:00;18.96266666666603
2020-06-10 11:00:00;19.71531944444364
2020-06-10 12:00:00;20.87744999999907
2020-06-10 13:00:00;21.683936111110448
2020-06-10 14:00:00;22.08990833333248
2020-06-10 15:00:00;21.04350555555472
2020-06-10 16:00:00;20.185988888887998
2020-06-10 17:00:00;19.608783333332678
2020-06-10 18:00:00;18.584924999999327
2020-06-10 19:00:00;18.09551666666622
2020-06-10 20:00:00;17.400516666666437
2020-06-10 21:00:00;16.922724999999645
2020-06-10 22:00:00;15.82533611111043
2020-06-10 23:00:00;16.042233333332927
2020-06-11 00:00:00;15.722399999999414
2020-06-11 01:00:00;15.38879444444411
2020-06-11 02:00:00;15.269658333333087
2020-06-11 03:00:00;14.963713888888185
2020-06-11 04:00:00;14.167802777777293
2020-06-11 05:00:00;14.290624999999403
2020-06-11 06:00:00;14.455808333332946
2020-06-11 07:00:00;14.552956376770457
2020-06-11 08:00:00;14.75195833333298
2020-06-11 09:00:00;14.939802777777293
2020-06-11 10:00:00;15.091427777777279
2020-06-11 11:00:00;15.331233333332925
2020-06-11 12:00:00;15.87258055555516
2020-06-11 13:00:00;16.14733888888829
2020-06-11 14:00:00;16.80856666666631
2020-06-11 15:00:00;17.211388888888614
2020-06-11 16:00:00;17.668697222221624
2020-06-11 17:00:00;17.743819444443897
2020-06-11 18:00:00;17.812399999999542
2020-06-11 19:00:00;17.30357499999968
2020-06-11 20:00:00;16.665019444444102
2020-06-11 21:00:00;15.76404166666623
2020-06-11 22:00:00;15.449836111111026
2020-06-11 23:00:00;15.34699166666625
2020-06-12 00:00:00;15.217461111110795
2020-06-12 01:00:00;14.998919444443793
2020-06-12 02:00:00;14.650008333332845
2020-06-12 03:00:00;14.550769872150399
2020-06-12 04:00:00;14.60331480966872
2020-06-12 05:00:00;14.96780555555516
2020-06-12 06:00:00;15.957127777777467
2020-06-12 07:00:00;16.257458333333062
2020-06-12 08:00:00;16.567694444444097
2020-06-12 09:00:00;17.2195361111107
2020-06-12 10:00:00;17.921558333332857
2020-06-12 11:00:00;19.48061388888816
2020-06-12 12:00:00;20.69973068955239
2020-06-12 13:00:00;22.674713888888217
2020-06-12 14:00:00;23.51783055555461
2020-06-12 15:00:00;23.345432064461907
2020-06-12 16:00:00;23.58672777777749
2020-06-12 17:00:00;23.27295277777728
2020-06-12 18:00:00;21.587219444443434
2020-06-12 19:00:00;20.053780555554763
2020-06-12 20:00:00;18.766558333332625
2020-06-12 21:00:00;17.323333333332073
2020-06-12 22:00:00;17.167952777776787
2020-06-12 23:00:00;17.14320277777684
2020-06-13 00:00:00;17.082152777776795
2020-06-13 01:00:00;16.922386111110374
2020-06-13 02:00:00;16.538591666665972
2020-06-13 03:00:00;16.215302777776824
2020-06-13 04:00:00;15.714758333332114
2020-06-13 05:00:00;15.694630555554587
2020-06-13 06:00:00;16.064813888887805
2020-06-13 07:00:00;16.57885277777698
2020-06-13 08:00:00;17.204988888887957
2020-06-13 09:00:00;18.395866666665775
2020-06-13 10:00:00;19.18030833333234
2020-06-13 11:00:00;18.46891666666585
2020-06-13 12:00:00;18.42961111111014
2020-06-13 13:00:00;20.280766666665283
2020-06-13 14:00:00;20.85582383995416
2020-06-13 15:00:00;21.06758333333214
2020-06-13 16:00:00;20.614247222220946
2020-06-13 17:00:00;19.734358333331944
2020-06-13 18:00:00;18.657330555554783
2020-06-13 19:00:00;18.858499999999164
2020-06-13 20:00:00;18.170997222221306
2020-06-13 21:00:00;17.92500833333238
2020-06-13 22:00:00;17.758155555554612
2020-06-13 23:00:00;16.858180555554846
2020-06-14 00:00:00;16.027469444443454
2020-06-14 01:00:00;15.648355555554524
2020-06-14 02:00:00;15.564630555554675
2020-06-14 03:00:00;15.634713888888207
2020-06-14 04:00:00;15.89077777777676
2020-06-14 05:00:00;16.05643333333216
2020-06-14 06:00:00;15.992477777776736
2020-06-14 07:00:00;16.598266666665925
2020-06-14 08:00:00;16.953338888888368
2020-06-14 09:00:00;17.05584444444322
2020-06-14 10:00:00;17.31794444444359
2020-06-14 11:00:00;17.530099999999283
2020-06-14 12:00:00;18.73480133370312
2020-06-14 13:00:00;19.993605555555114
2020-06-14 14:00:00;20.776313888888033
2020-06-14 15:00:00;21.30258333333282
2020-06-14 16:00:00;21.589644444443692
2020-06-14 17:00:00;21.417199999999227
2020-06-14 18:00:00;20.41974166666616
2020-06-14 19:00:00;19.2043944444439
2020-06-14 20:00:00;17.95227222222135
2020-06-14 21:00:00;17.10118333333232
2020-06-14 22:00:00;16.296008333332512
2020-06-14 23:00:00;15.135919444443813
2020-06-15 00:00:00;14.57558611110996
2020-06-15 01:00:00;13.959894444443677
2020-06-15 02:00:00;13.1573527777769
2020-06-15 03:00:00;12.768486111110521
2020-06-15 04:00:00;13.14756111111012
2020-06-15 05:00:00;14.357158333332562
2020-06-15 06:00:00;15.973449999999199
2020-06-15 07:00:00;18.14786607390864
2020-06-15 08:00:00;18.815765490413078
2020-06-15 09:00:00;19.9371408724636
2020-06-15 10:00:00;21.252609058070504
2020-06-15 11:00:00;23.10414999999897
2020-06-15 12:00:00;23.256974999999066
2020-06-15 13:00:00;23.978372222221108
2020-06-15 14:00:00;23.968272222221273
2020-06-15 15:00:00;24.154577777776844
2020-06-15 16:00:00;23.49308888888801
2020-06-15 17:00:00;22.869891666665612
2020-06-15 18:00:00;22.138658333332096
2020-06-15 19:00:00;20.714144444443214
2020-06-15 20:00:00;18.93889166666566
2020-06-15 21:00:00;17.055124999999173
2020-06-15 22:00:00;15.688147222221346
2020-06-15 23:00:00;14.849183333332494
2020-06-16 00:00:00;14.78796666666584
2020-06-16 01:00:00;14.417977777776663
2020-06-16 02:00:00;13.67172777777669
2020-06-16 03:00:00;12.686216666665663
2020-06-16 04:00:00;12.875455555554463
2020-06-16 05:00:00;14.469138888888006
2020-06-16 06:00:00;17.361442067240052
2020-06-16 07:00:00;20.088224999998946
2020-06-16 08:00:00;21.15217222222086
2020-06-16 09:00:00;22.29828611111012
2020-06-16 10:00:00;23.405672222221288
2020-06-16 11:00:00;24.193408333332247
2020-06-16 12:00:00;25.346674999999138
2020-06-16 13:00:00;25.075938888888007
2020-06-16 14:00:00;25.524927777776842
2020-06-16 15:00:00;25.453997222221204
2020-06-16 16:00:00;25.069286111111
2020-06-16 17:00:00;25.056302777777482
2020-06-16 18:00:00;24.672288888888197
2020-06-16 19:00:00;23.063022222221075
2020-06-16 20:00:00;20.015305555554463
2020-06-16 21:00:00;17.899149999998862
2020-06-16 22:00:00;16.85382222222095
2020-06-16 23:00:00;16.019230555554213
2020-06-17 00:00:00;15.406238888887653
2020-06-17 01:00:00;14.760161111109975
2020-06-17 02:00:00;14.41148611110959
2020-06-17 03:00:00;14.035012503471801
2020-06-17 04:00:00;14.106476799109476
2020-06-17 05:00:00;15.79591137123636
2020-06-17 06:00:00;18.61996664813664
2020-06-17 07:00:00;21.881808333332142
2020-06-17 08:00:00;23.041716666665543
2020-06-17 09:00:00;24.023588888887573
2020-06-17 10:00:00;25.002947222221465
2020-06-17 11:00:00;26.390449999998797
2020-06-17 12:00:00;27.099997222221017
2020-06-17 13:00:00;27.465211111109905
2020-06-17 14:00:00;27.86776388888782
2020-06-17 15:00:00;27.277361111109983
2020-06-17 16:00:00;26.384811111109748
2020-06-17 17:00:00;25.802569444443346
2020-06-17 18:00:00;25.22336944444352
2020-06-17 19:00:00;23.92157499999878
2020-06-17 20:00:00;22.223172222220935
2020-06-17 21:00:00;20.802608333331925
2020-06-17 22:00:00;19.88582222222113
2020-06-17 23:00:00;18.93434166666567
2020-06-18 00:00:00;18.364369444443323
2020-06-18 01:00:00;17.463220338982065
2020-06-18 02:00:00;16.71201111111028
2020-06-18 03:00:00;16.099933333332473
2020-06-18 04:00:00;16.028852777776883
2020-06-18 05:00:00;16.858336111110233
2020-06-18 06:00:00;18.15028611111011
2020-06-18 07:00:00;20.091788888887752
2020-06-18 08:00:00;21.15563055555431
2020-06-18 09:00:00;22.49834166666561
2020-06-18 10:00:00;23.815919444443463
2020-06-18 11:00:00;25.35663611111007
2020-06-18 12:00:00;25.96208055555431
2020-06-18 13:00:00;26.08454444444337
2020-06-18 14:00:00;25.077597222221073
2020-06-18 15:00:00;23.202108333332184
2020-06-18 16:00:00;19.85756111111017
2020-06-18 17:00:00;20.00176388888761
2020-06-18 18:00:00;20.112286111109555
2020-06-18 19:00:00;19.88507499999857
2020-06-18 20:00:00;19.69348333333195
2020-06-18 21:00:00;19.55686666666527
2020-06-18 22:00:00;18.86198333333216
2020-06-18 23:00:00;18.493792720198666
2020-06-19 00:00:00;18.29199166666568
2020-06-19 01:00:00;17.840983333332204
2020-06-19 02:00:00;17.582894444443642
2020-06-19 03:00:00;17.30508333333257
2020-06-19 04:00:00;17.179916666665758
2020-06-19 05:00:00;16.81039722222152
2020-06-19 06:00:00;16.544969444443822
2020-06-19 07:00:00;16.787824999999227
2020-06-19 08:00:00;17.335877777776748
2020-06-19 09:00:00;17.729524999999235
2020-06-19 10:00:00;18.269258333332754
2020-06-19 11:00:00;18.9936361111101
2020-06-19 12:00:00;19.502263888888017
2020-06-19 13:00:00;19.08184999999917
2020-06-19 14:00:00;19.299147222221226
2020-06-19 15:00:00;19.350649999998968
2020-06-19 16:00:00;19.702588888888066
2020-06-19 17:00:00;19.598113888887845
2020-06-19 18:00:00;19.132602777776754
2020-06-19 19:00:00;18.628905555554468
2020-06-19 20:00:00;18.101633333332405
2020-06-19 21:00:00;17.49795833333235
2020-06-19 22:00:00;17.01412892470001
2020-06-19 23:00:00;16.640255555554813
2020-06-20 00:00:00;16.263024999999143
2020-06-20 01:00:00;16.00353888888804
2020-06-20 02:00:00;15.658058333332162
2020-06-20 03:00:00;15.605294444443365
2020-06-20 04:00:00;15.777549999998856
2020-06-20 05:00:00;16.289038888888033
2020-06-20 06:00:00;16.747199999999065
2020-06-20 07:00:00;17.478474999999104
2020-06-20 08:00:00;18.07585555555474
2020-06-20 09:00:00;19.000083333332373
2020-06-20 10:00:00;19.93248333333248
2020-06-20 11:00:00;20.498872222221188
2020-06-20 12:00:00;21.33512777777678
2020-06-20 13:00:00;22.88204166666592
2020-06-20 14:00:00;22.696916666665878
2020-06-20 15:00:00;22.56010555555478
2020-06-20 16:00:00;22.149599999999257
2020-06-20 17:00:00;21.126072222220934
2020-06-20 18:00:00;20.23931388888773
2020-06-20 19:00:00;19.12924444444338
2020-06-20 20:00:00;18.025301472630574
2020-06-20 21:00:00;17.010608333332588
2020-06-20 22:00:00;16.223113888888406
2020-06-20 23:00:00;15.6448194444437
2020-06-21 00:00:00;15.139322222221649
2020-06-21 01:00:00;14.738249999999356
2020-06-21 02:00:00;14.134452777777117
2020-06-21 03:00:00;13.448702777777214
2020-06-21 04:00:00;14.050408333332665
2020-06-21 05:00:00;15.362499999999374
2020-06-21 06:00:00;16.28321944444388
2020-06-21 07:00:00;16.97578055555483
2020-06-21 08:00:00;18.03190886357262
2020-06-21 09:00:00;19.76738611111023
2020-06-21 10:00:00;21.054288888887925
2020-06-21 11:00:00;22.50902499999935
2020-06-21 12:00:00;23.32798333333252
2020-06-21 13:00:00;24.361083333332477
2020-06-21 14:00:00;25.0462444444437
2020-06-21 15:00:00;24.982197222221533
2020-06-21 16:00:00;24.283137854362568
2020-06-21 17:00:00;24.10274166666574
2020-06-21 18:00:00;23.75271111111013
2020-06-21 19:00:00;21.607344444443655
2020-06-21 20:00:00;19.52303888888817
2020-06-21 21:00:00;18.438291666666004
2020-06-21 22:00:00;17.934627777777077
2020-06-21 23:00:00;18.712149999999088
2020-06-22 00:00:00;18.546316666666428
2020-06-22 01:00:00;18.106283333332946
2020-06-22 02:00:00;17.76186944444397
2020-06-22 03:00:00;17.331352777777308
2020-06-22 04:00:00;17.102199999999396
2020-06-22 05:00:00;17.35151111111056
2020-06-22 06:00:00;18.17919444444396
2020-06-22 07:00:00;19.209811111110586
2020-06-22 08:00:00;19.94940962761065
2020-06-22 09:00:00;20.674095582105444
2020-06-22 10:00:00;21.597105555554904
2020-06-22 11:00:00;22.96584444444385
2020-06-22 12:00:00;23.55371666666597
2020-06-22 13:00:00;23.79789444444375
2020-06-22 14:00:00;23.75870555555485
2020-06-22 15:00:00;23.43196666666613
2020-06-22 16:00:00;22.71640277777733
2020-06-22 17:00:00;22.414230555554965
2020-06-22 18:00:00;21.83986388888828
2020-06-22 19:00:00;20.5578194444438
2020-06-22 20:00:00;19.4953694444441
2020-06-22 21:00:00;18.428919444444087
2020-06-22 22:00:00;17.49290277777738
2020-06-22 23:00:00;16.633947222221956
2020-06-23 00:00:00;15.486099999999732
2020-06-23 01:00:00;14.722736111110844
2020-06-23 02:00:00;14.206177777777373
2020-06-23 03:00:00;12.850958333332796
2020-06-23 04:00:00;12.926394444444046
2020-06-23 05:00:00;14.872877777777335
2020-06-23 06:00:00;16.931911111110715
2020-06-23 07:00:00;18.84527646568467
2020-06-23 08:00:00;19.54779722222197
2020-06-23 09:00:00;20.428658333333065
2020-06-23 10:00:00;21.57692222222191
2020-06-23 11:00:00;23.083952777777572
2020-06-23 12:00:00;23.796061111110703
2020-06-23 13:00:00;24.267819444443997
2020-06-23 14:00:00;24.62221944444427
2020-06-23 15:00:00;24.714586111111068
2020-06-23 16:00:00;24.22512499999932
2020-06-23 17:00:00;24.11933055555501
2020-06-23 18:00:00;23.90942499999956
2020-06-23 19:00:00;23.012519444444102
2020-06-23 20:00:00;21.324402777777266
2020-06-23 21:00:00;19.678719444444297
2020-06-23 22:00:00;17.950547222222106
2020-06-23 23:00:00;16.562963888888785
2020-06-24 00:00:00;15.667855555555382
2020-06-24 01:00:00;14.981038888889007
2020-06-24 02:00:00;14.565611111110988
2020-06-24 03:00:00;14.195933333333194
2020-06-24 04:00:00;14.469947222222071
2020-06-24 05:00:00;16.3987774381772
2020-06-24 06:00:00;18.49564166666659
2020-06-24 07:00:00;20.877219444444094
2020-06-24 08:00:00;21.8935666666664
2020-06-24 09:00:00;22.863427777777733
2020-06-24 10:00:00;23.96429444444396
2020-06-24 11:00:00;25.294636111110965
2020-06-24 12:00:00;26.33084999999988
2020-06-24 13:00:00;26.459816666666786
2020-06-24 14:00:00;26.793374999999827
2020-06-24 15:00:00;26.644233333333272
2020-06-24 16:00:00;25.713791666666612
2020-06-24 17:00:00;25.320280555555268
2020-06-24 18:00:00;24.25109444444384
2020-06-24 19:00:00;22.493116666666225
2020-06-24 20:00:00;20.960791666666342
2020-06-24 21:00:00;20.080222222221987
2020-06-24 22:00:00;19.640272222221554
2020-06-24 23:00:00;19.403991666666524
2020-06-25 00:00:00;18.595272222222224
2020-06-25 01:00:00;17.771091666666752
2020-06-25 02:00:00;16.831305918310367
2020-06-25 03:00:00;16.30644999999999
2020-06-25 04:00:00;16.830202777777714
2020-06-25 05:00:00;18.268974999999898
2020-06-25 06:00:00;19.986194444444138
2020-06-25 07:00:00;22.071438888888633
2020-06-25 08:00:00;23.733863888888532
2020-06-25 09:00:00;24.50253055555537
2020-06-25 10:00:00;24.76303888888888
2020-06-25 11:00:00;25.87285277777773
2020-06-25 12:00:00;27.392758333333227
2020-06-25 13:00:00;27.4753833333332
2020-06-25 14:00:00;27.919461111110945
2020-06-25 15:00:00;28.076563888888675
2020-06-25 16:00:00;26.36460555555542
2020-06-25 17:00:00;24.808636111110967
2020-06-25 18:00:00;24.890094444444138
2020-06-25 19:00:00;24.063591666666394
2020-06-25 20:00:00;23.220027777777485
2020-06-25 21:00:00;22.469966666666604
2020-06-25 22:00:00;21.8682777777776
2020-06-25 23:00:00;21.339580555554832
2020-06-26 00:00:00;20.337265907196148
2020-06-26 01:00:00;19.3456499999996
2020-06-26 02:00:00;18.83360833333275
2020-06-26 03:00:00;17.859558333333396
2020-06-26 04:00:00;17.799652777777816
2020-06-26 05:00:00;19.405100000000147
2020-06-26 06:00:00;21.61727777777781
2020-06-26 07:00:00;24.13704722222223
2020-06-26 08:00:00;25.37928055555565
2020-06-26 09:00:00;26.265944444444763
2020-06-26 10:00:00;27.337275000000115
2020-06-26 11:00:00;28.550080555555645
2020-06-26 12:00:00;29.064216666666713
2020-06-26 13:00:00;29.673188888888888
2020-06-26 14:00:00;30.045719444444497
2020-06-26 15:00:00;29.715027777777852
2020-06-26 16:00:00;29.177077777777985
2020-06-26 17:00:00;28.99653888888893
2020-06-26 18:00:00;27.422008333333643
2020-06-26 19:00:00;26.34205056960293
2020-06-26 20:00:00;25.332369444444772
2020-06-26 21:00:00;24.11229444444439
2020-06-26 22:00:00;23.151177777777878
2020-06-26 23:00:00;21.963411111110826
2020-06-27 00:00:00;21.195527777777613
2020-06-27 01:00:00;19.8620833333331
2020-06-27 02:00:00;19.42360555555565
2020-06-27 03:00:00;18.85117500000032
2020-06-27 04:00:00;19.14749722222225
2020-06-27 05:00:00;19.976947222222268
2020-06-27 06:00:00;21.814161111111193
2020-06-27 07:00:00;23.95560277777775
2020-06-27 08:00:00;25.877766666666865
2020-06-27 09:00:00;27.317377777777907
2020-06-27 10:00:00;28.397825000000392
2020-06-27 11:00:00;29.73550277777781
2020-06-27 12:00:00;28.983191666666798
2020-06-27 13:00:00;28.138427777777988
2020-06-27 14:00:00;29.25450277777796
2020-06-27 15:00:00;25.553433333333427
2020-06-27 16:00:00;23.86687968880226
2020-06-27 17:00:00;25.560397332592625
2020-06-27 18:00:00;25.645163888889105
2020-06-27 19:00:00;22.95222499999995
2020-06-27 20:00:00;19.286480555555595
2020-06-27 21:00:00;18.64041388888869
2020-06-27 22:00:00;18.565883333333552
2020-06-27 23:00:00;18.267013888889498
2020-06-28 00:00:00;18.05948055555617
2020-06-28 01:00:00;18.08735000000072
2020-06-28 02:00:00;17.824880555556373
2020-06-28 03:00:00;17.274488888889543
2020-06-28 04:00:00;17.409700000000598
2020-06-28 05:00:00;18.008455555556328
2020-06-28 06:00:00;18.740225000000734
2020-06-28 07:00:00;19.147863888889944
2020-06-28 08:00:00;20.058713888889827
2020-06-28 09:00:00;18.629975000001156
2020-06-28 10:00:00;18.18038611111223
2020-06-28 11:00:00;18.45184166666744
2020-06-28 12:00:00;19.019880555556306
2020-06-28 13:00:00;19.919458333333964
2020-06-28 14:00:00;19.782580555556194
2020-06-28 15:00:00;21.24063350930861
2020-06-28 16:00:00;20.87669722222272
2020-06-28 17:00:00;20.766208333333548
2020-06-28 18:00:00;20.621788888889398
2020-06-28 19:00:00;19.73773611111184
2020-06-28 20:00:00;17.746133333333827
2020-06-28 21:00:00;16.298380555556406
2020-06-28 22:00:00;15.006947222222975
2020-06-28 23:00:00;14.137769444445274
2020-06-29 00:00:00;13.845080555556267
2020-06-29 01:00:00;13.40726111111206
2020-06-29 02:00:00;13.109038888889446
2020-06-29 03:00:00;12.855450000000973
2020-06-29 04:00:00;13.35593888888975
2020-06-29 05:00:00;14.709650000000828
2020-06-29 06:00:00;17.001827777778654
2020-06-29 07:00:00;18.977516666667405
2020-06-29 08:00:00;19.72215555555625
2020-06-29 09:00:00;20.885966666667205
2020-06-29 10:00:00;21.666597222223157
2020-06-29 11:00:00;21.827722222223183
2020-06-29 12:00:00;21.479280555556574
2020-06-29 13:00:00;21.485098638511413
2020-06-29 14:00:00;21.53514722222304
2020-06-29 15:00:00;22.00686388888983
2020-06-29 16:00:00;21.393241666667485
2020-06-29 17:00:00;21.21588055555593
2020-06-29 18:00:00;20.32754722222286
2020-06-29 19:00:00;19.452913888889512
2020-06-29 20:00:00;18.64434166666747
2020-06-29 21:00:00;17.809458333334288
2020-06-29 22:00:00;17.172108333334087
2020-06-29 23:00:00;17.351922222223145
2020-06-30 00:00:00;16.893597222222766
2020-06-30 01:00:00;16.39120000000097
2020-06-30 02:00:00;16.091158333334263
2020-06-30 03:00:00;15.6700611111119
2020-06-30 04:00:00;15.25010833333411
2020-06-30 05:00:00;15.150477777778347
2020-06-30 06:00:00;15.389041666667216
2020-06-30 07:00:00;16.11495277777864
2020-06-30 08:00:00;15.895936111111943
2020-06-30 09:00:00;15.94931666666754
2020-06-30 10:00:00;15.874905555556266
2020-06-30 11:00:00;16.236162823007426
2020-06-30 12:00:00;16.107972222223125
2020-06-30 13:00:00;16.600288888889995
2020-06-30 14:00:00;16.998355555555648
2020-06-30 15:00:00;17.16213333333419
2020-06-30 16:00:00;15.497338888889615
2020-06-30 17:00:00;15.773275000000785
2020-06-30 18:00:00;16.568758333334394
2020-06-30 19:00:00;16.844266666667373
2020-06-30 20:00:00;16.399977777778613
2020-06-30 21:00:00;15.651408333334238
2020-06-30 22:00:00;14.554944444445452
2020-06-30 23:00:00;13.513605555556412
2020-07-01 00:00:00;13.146933333334166
2020-07-01 01:00:00;13.533161111111811
2020-07-01 02:00:00;13.499527777778738
2020-07-01 03:00:00;13.505813888889847
2020-07-01 04:00:00;13.729188888889716
2020-07-01 05:00:00;14.250944444445413
2020-07-01 06:00:00;14.982038888889804
2020-07-01 07:00:00;16.208266666667566
2020-07-01 08:00:00;16.659374826341512
2020-07-01 09:00:00;17.5362527777787
2020-07-01 10:00:00;18.531172222223052
2020-07-01 11:00:00;19.14716388888979
2020-07-01 12:00:00;19.370386111112
2020-07-01 13:00:00;19.17927777777878
2020-07-01 14:00:00;20.338361111111794
2020-07-01 15:00:00;19.308783333334176
2020-07-01 16:00:00;18.677897222223066
2020-07-01 17:00:00;19.064302777778753
2020-07-01 18:00:00;18.89140833333436
2020-07-01 19:00:00;17.717713888889875
2020-07-01 20:00:00;17.037400000000215
2020-07-01 21:00:00;16.347286111112112
2020-07-01 22:00:00;15.956175000001009
2020-07-01 23:00:00;15.071522222223141
2020-07-02 00:00:00;14.242022222223152
2020-07-02 01:00:00;14.51935833333436
2020-07-02 02:00:00;14.311377777778814
2020-07-02 03:00:00;14.630377777778834
2020-07-02 04:00:00;14.977752777778425
2020-07-02 05:00:00;14.870172270075985
2020-07-02 06:00:00;14.761075000000933
2020-07-02 07:00:00;15.336772222223024
2020-07-02 08:00:00;15.948244444445185
2020-07-02 09:00:00;16.971977777778612
2020-07-02 10:00:00;17.482958333334366
2020-07-02 11:00:00;17.722138888889898
2020-07-02 12:00:00;18.720116666667725
2020-07-02 13:00:00;19.430611111112093
2020-07-02 14:00:00;16.956472222223567
2020-07-02 15:00:00;16.585527777778946
2020-07-02 16:00:00;16.222961111112486
2020-07-02 17:00:00;16.511580555556687
2020-07-02 18:00:00;16.413136111112426
2020-07-02 19:00:00;16.078505555557033
2020-07-02 20:00:00;15.892119444445695
2020-07-02 21:00:00;15.963816666668027
2020-07-02 22:00:00;15.662291666667725
2020-07-02 23:00:00;14.927480555556722
2020-07-03 00:00:00;14.418100000001367
2020-07-03 01:00:00;14.175405555556686
2020-07-03 02:00:00;14.187474298417332
2020-07-03 03:00:00;14.261119444445608
2020-07-03 04:00:00;14.307622222223346
2020-07-03 05:00:00;14.374186111112412
2020-07-03 06:00:00;14.83822222222363
2020-07-03 07:00:00;15.110327777778997
2020-07-03 08:00:00;15.856502777779042
2020-07-03 09:00:00;17.168977777778974
2020-07-03 10:00:00;17.717072222223496
2020-07-03 11:00:00;18.84425277777887
2020-07-03 12:00:00;20.09655277777883
2020-07-03 13:00:00;19.97264722222346
2020-07-03 14:00:00;20.813561111112264
2020-07-03 15:00:00;20.224291666667842
2020-07-03 16:00:00;20.495180555556782
2020-07-03 17:00:00;19.35151388889037
2020-07-03 18:00:00;18.778313888890224
2020-07-03 19:00:00;18.32901111111257
2020-07-03 20:00:00;17.941911111112887
2020-07-03 21:00:00;17.684900000001722
2020-07-03 22:00:00;17.327377777779347
2020-07-03 23:00:00;16.78108888889051
2020-07-04 00:00:00;16.881158655183512
2020-07-04 01:00:00;16.863213888890446
2020-07-04 02:00:00;16.92686666666801
2020-07-04 03:00:00;16.821050000001517
2020-07-04 04:00:00;16.496219444446268
2020-07-04 05:00:00;15.126913888890462
2020-07-04 06:00:00;14.930727777779564
2020-07-04 07:00:00;15.585638888890445
2020-07-04 08:00:00;16.464322222224013
2020-07-04 09:00:00;17.0469833333343
2020-07-04 10:00:00;17.173841666667972
2020-07-04 11:00:00;17.482497222223884
2020-07-04 12:00:00;17.568797222223857
2020-07-04 13:00:00;18.044294444446017
2020-07-04 14:00:00;18.221355555557327
2020-07-04 15:00:00;17.871269444446327
2020-07-04 16:00:00;17.90327222222396
2020-07-04 17:00:00;17.979558333335028
2020-07-04 18:00:00;17.318586111112673
2020-07-04 19:00:00;17.370883333334934
2020-07-04 20:00:00;17.39355833333493
2020-07-04 21:00:00;17.21606666666827
2020-07-04 22:00:00;17.000586273966356
2020-07-04 23:00:00;16.994880555556662
2020-07-05 00:00:00;17.035552777778264
2020-07-05 01:00:00;17.25201944444601
2020-07-05 02:00:00;17.460019444446175
2020-07-05 03:00:00;17.494538888890528
2020-07-05 04:00:00;17.791266666668307
2020-07-05 05:00:00;17.857411111112953
2020-07-05 06:00:00;18.059319444446267
2020-07-05 07:00:00;18.34415000000215
2020-07-05 08:00:00;18.460133333335435
2020-07-05 09:00:00;18.403527777779942
2020-07-05 10:00:00;18.11136666666896
2020-07-05 11:00:00;18.71922500000178
2020-07-05 12:00:00;19.454375000001587
2020-07-05 13:00:00;20.785144444445784
2020-07-05 14:00:00;21.761655555556843
2020-07-05 15:00:00;22.1156111111127
2020-07-05 16:00:00;21.844119444446058
2020-07-05 17:00:00;20.324727777779067
2020-07-05 18:00:00;19.02027500000146
2020-07-05 19:00:00;17.984203945542344
2020-07-05 20:00:00;16.934767991110476
2020-07-05 21:00:00;15.791183333335063
2020-07-05 22:00:00;15.599066666668598
2020-07-05 23:00:00;15.14891388889075
2020-07-06 00:00:00;13.928019444446369
2020-07-06 01:00:00;13.110802777779483
2020-07-06 02:00:00;13.328975000001869
2020-07-06 03:00:00;12.7185694444465
2020-07-06 04:00:00;12.018997222224465
2020-07-06 05:00:00;12.929413888890931
2020-07-06 06:00:00;14.190947222224104
2020-07-06 07:00:00;15.085252777779846
2020-07-06 08:00:00;15.75126388889076
2020-07-06 09:00:00;15.472838888890882
2020-07-06 10:00:00;13.097955555557597
2020-07-06 11:00:00;14.49170000000198
2020-07-06 12:00:00;17.051513888890725
2020-07-06 13:00:00;17.473988888890908
2020-07-06 14:00:00;16.504938888890948
2020-07-06 15:00:00;15.697259981715154
2020-07-06 16:00:00;16.561286111113375
2020-07-06 17:00:00;15.91036944444624
2020-07-06 18:00:00;15.688827777779426
2020-07-06 19:00:00;15.010025000002132
2020-07-06 20:00:00;14.498180555557346
2020-07-06 21:00:00;14.350344444446163
2020-07-06 22:00:00;13.770911111113195
2020-07-06 23:00:00;13.091433333335008
2020-07-07 00:00:00;12.656883333335335
2020-07-07 01:00:00;12.486561111113186
2020-07-07 02:00:00;12.154325000002197
2020-07-07 03:00:00;11.560330555557414
2020-07-07 04:00:00;11.745245901641471
2020-07-07 05:00:00;12.165913888891161
2020-07-07 06:00:00;13.347686111113047
2020-07-07 07:00:00;14.564175000002034
2020-07-07 08:00:00;15.446808333335163
2020-07-07 09:00:00;16.087419444446454
2020-07-07 10:00:00;17.25022222222411
2020-07-07 11:00:00;17.03040000000168
2020-07-07 12:00:00;18.518038888890928
2020-07-07 13:00:00;18.648758333335422
2020-07-07 14:00:00;17.424952777780053
2020-07-07 15:00:00;13.750619444446773
2020-07-07 16:00:00;13.43086944444668
2020-07-07 17:00:00;14.064750000002036
2020-07-07 18:00:00;13.894583333335344
2020-07-07 19:00:00;13.820358333335426
2020-07-07 20:00:00;13.529016666669328
2020-07-07 21:00:00;13.342511111113508
2020-07-07 22:00:00;13.216652777779752
2020-07-07 23:00:00;13.028243956656768
2020-07-08 00:00:00;13.048661111113427
2020-07-08 01:00:00;12.780797443736455
2020-07-08 02:00:00;12.347594444446946
2020-07-08 03:00:00;11.970661111113793
2020-07-08 04:00:00;11.99823055555772
2020-07-08 05:00:00;12.442016666669057
2020-07-08 06:00:00;13.058022222224448
2020-07-08 07:00:00;14.147680555557725
2020-07-08 08:00:00;15.468269444446525
2020-07-08 09:00:00;15.983352777779992
2020-07-08 10:00:00;15.121247222224328
2020-07-08 11:00:00;16.601847222224073
2020-07-08 12:00:00;16.412952777780028
2020-07-08 13:00:00;16.491327777780164
2020-07-08 14:00:00;16.236830555557937
2020-07-08 15:00:00;16.828052777779966
2020-07-08 16:00:00;16.822033333335604
2020-07-08 17:00:00;16.802125000002235
2020-07-08 18:00:00;16.583933333335526
2020-07-08 19:00:00;15.575208333335368
2020-07-08 20:00:00;14.799427618785154
2020-07-08 21:00:00;14.101458333335414
2020-07-08 22:00:00;13.406163888891168
2020-07-08 23:00:00;12.597336111113362
2020-07-09 00:00:00;11.532980555557769
2020-07-09 01:00:00;11.567497222224207
2020-07-09 02:00:00;11.62341111111338
2020-07-09 03:00:00;11.727500000002552
2020-07-09 04:00:00;11.972202777780314
2020-07-09 05:00:00;11.889269444446931
2020-07-09 06:00:00;11.385991666668744
2020-07-09 07:00:00;11.385530555557681
2020-07-09 08:00:00;11.418455555557705
2020-07-09 09:00:00;11.615730555557695
2020-07-09 10:00:00;11.781905555557733
2020-07-09 11:00:00;12.027069444446877
2020-07-09 12:00:00;12.486397222224465
2020-07-09 13:00:00;13.199877777779895
2020-07-09 14:00:00;13.395732147821267
2020-07-09 15:00:00;13.242455555557866
2020-07-09 16:00:00;13.51129722222444
2020-07-09 17:00:00;13.624069444446777
2020-07-09 18:00:00;13.543075000002325
2020-07-09 19:00:00;13.176097222224133
2020-07-09 20:00:00;12.971100000002194
2020-07-09 21:00:00;12.861730555557678
2020-07-09 22:00:00;12.809652777779588
2020-07-09 23:00:00;12.689219444446756
2020-07-10 00:00:00;12.721261111113295
2020-07-10 01:00:00;12.465086111113546
2020-07-10 02:00:00;12.419280555558307
2020-07-10 03:00:00;12.46190000000243
2020-07-10 04:00:00;12.520836111113189
2020-07-10 05:00:00;12.754575000002026
2020-07-10 06:00:00;13.013933333335618
2020-07-10 07:00:00;13.150086111112714
2020-07-10 08:00:00;13.073778827454188
2020-07-10 09:00:00;13.013769444446531
2020-07-10 10:00:00;13.335038888891027
2020-07-10 11:00:00;13.601405555557976
2020-07-10 12:00:00;13.006516666668745
2020-07-10 13:00:00;13.705500000002074
2020-07-10 14:00:00;14.304497222224427
2020-07-10 15:00:00;14.396483333335686
2020-07-10 16:00:00;15.587550000002036
2020-07-10 17:00:00;15.03785833333577
2020-07-10 18:00:00;15.014922222224586
2020-07-10 19:00:00;14.438400000002261
2020-07-10 20:00:00;13.66712222222444
2020-07-10 21:00:00;13.306655555557592
2020-07-10 22:00:00;12.774361111113276
2020-07-10 23:00:00;12.153083333335704
2020-07-11 00:00:00;11.182569444446738
2020-07-11 01:00:00;10.522747222224485
2020-07-11 02:00:00;10.057786111113526
2020-07-11 03:00:00;10.0344762434033
2020-07-11 04:00:00;10.83318333333564
2020-07-11 05:00:00;10.973750000002482
2020-07-11 06:00:00;12.294769444446723
2020-07-11 07:00:00;14.201036111113313
2020-07-11 08:00:00;15.329680555557545
2020-07-11 09:00:00;16.399291666669072
2020-07-11 10:00:00;15.856727777779836
2020-07-11 11:00:00;15.812263888891033
2020-07-11 12:00:00;15.257711111113323
2020-07-11 13:00:00;14.463366666668954
2020-07-11 14:00:00;16.901566666668927
2020-07-11 15:00:00;17.94257222222452
2020-07-11 16:00:00;17.79551666666893
2020-07-11 17:00:00;17.432136111113294
2020-07-11 18:00:00;16.844841666668927
2020-07-11 19:00:00;15.723013888891062
2020-07-11 20:00:00;14.77196944444679
2020-07-11 21:00:00;14.068416666668773
2020-07-11 22:00:00;13.365675000002332
2020-07-11 23:00:00;11.845607113089327
2020-07-12 00:00:00;11.342672222224374
2020-07-12 01:00:00;11.111555555557887
2020-07-12 02:00:00;10.440627777780144
2020-07-12 03:00:00;10.085972222224717
2020-07-12 04:00:00;10.26003888889115
2020-07-12 05:00:00;12.257583333335704
2020-07-12 06:00:00;13.527722222224456
2020-07-12 07:00:00;14.842072222224527
2020-07-12 08:00:00;15.688291666668867
2020-07-12 09:00:00;16.86106388889105
2020-07-12 10:00:00;17.92758888889112
2020-07-12 11:00:00;19.332569444446513
2020-07-12 12:00:00;19.227575000002037
2020-07-12 13:00:00;18.412130555558065
2020-07-12 14:00:00;18.663130555558066
2020-07-12 15:00:00;18.79782222222404
2020-07-12 16:00:00;18.71120833333525
2020-07-12 17:00:00;18.68918055555732
2020-07-12 18:00:00;18.46732981383929
2020-07-12 19:00:00;17.132319444446633
2020-07-12 20:00:00;15.76467222222449
2020-07-12 21:00:00;14.368016666668888
2020-07-12 22:00:00;13.101172222224381
2020-07-12 23:00:00;12.365886111113467
2020-07-13 00:00:00;11.590613888891363
2020-07-13 01:00:00;10.79595000000229
2020-07-13 02:00:00;10.31841388889136
2020-07-13 03:00:00;9.980708333335855
2020-07-13 04:00:00;10.043800000002381
2020-07-13 05:00:00;11.237625000002367
2020-07-13 06:00:00;13.812358333335645
2020-07-13 07:00:00;16.18260555555776
2020-07-13 08:00:00;16.999647222224063
2020-07-13 09:00:00;17.745194444446682
2020-07-13 10:00:00;18.677111111113017
2020-07-13 11:00:00;19.31946944444607
2020-07-13 12:00:00;20.28215555555709
2020-07-13 13:00:00;
2020-07-13 14:00:00;21.920916666668266
2020-07-13 15:00:00;21.821511111112827
2020-07-13 16:00:00;21.43428888889052
2020-07-13 17:00:00;21.214138888890485
2020-07-13 18:00:00;20.316805555557128
2020-07-13 19:00:00;19.800994444446022
2020-07-13 20:00:00;18.42117777777945
2020-07-13 21:00:00;17.062816666668322
2020-07-13 22:00:00;16.524869444446338
2020-07-13 23:00:00;15.072841666668527
2020-07-14 00:00:00;13.868222222224047
2020-07-14 01:00:00;13.161264240068386
2020-07-14 02:00:00;12.535511395221537
2020-07-14 03:00:00;11.969294444446858
2020-07-14 04:00:00;12.220758333335388
2020-07-14 05:00:00;13.823313888890715
2020-07-14 06:00:00;15.800141666668509
2020-07-14 07:00:00;17.235216666668595
2020-07-14 08:00:00;19.377141666668184
2020-07-14 09:00:00;20.49061388889015
2020-07-14 10:00:00;20.777633333334688
2020-07-14 11:00:00;19.513947222223607
2020-07-14 12:00:00;18.318663888890182
2020-07-14 13:00:00;18.43905277777895
2020-07-14 14:00:00;18.2803694444458
2020-07-14 15:00:00;17.79324444444582
2020-07-14 16:00:00;16.778675000001222
2020-07-14 17:00:00;15.724738888889886
2020-07-14 18:00:00;15.058372222223127
2020-07-14 19:00:00;14.582658333334846
2020-07-14 20:00:00;14.373738888890042
2020-07-14 21:00:00;14.20025006946486
2020-07-14 22:00:00;14.162272222223521
2020-07-14 23:00:00;14.289991666667854
2020-07-15 00:00:00;14.409447222223337
2020-07-15 01:00:00;14.256175000001347
2020-07-15 02:00:00;14.122652777779233
2020-07-15 03:00:00;13.985672222223554
2020-07-15 04:00:00;14.295075000001287
2020-07-15 05:00:00;14.21579722222344
2020-07-15 06:00:00;14.637516666667922
2020-07-15 07:00:00;15.542488888890116
2020-07-15 08:00:00;16.77445000000109
2020-07-15 09:00:00;17.612800000001315
2020-07-15 10:00:00;18.351838888890224
2020-07-15 11:00:00;19.10124722222337
2020-07-15 12:00:00;19.85364166666795
2020-07-15 13:00:00;18.399205555557423
2020-07-15 14:00:00;19.478166666667647
2020-07-15 15:00:00;19.325016666668
2020-07-15 16:00:00;19.312494444445647
2020-07-15 17:00:00;18.61001388889031
2020-07-15 18:00:00;18.181697222224344
2020-07-15 19:00:00;17.62701583773484
2020-07-15 20:00:00;17.000930555556796
2020-07-15 21:00:00;16.647802777779972
2020-07-15 22:00:00;15.932055555557618
2020-07-15 23:00:00;15.302394444446444
2020-07-16 00:00:00;15.08902777777958
2020-07-16 01:00:00;14.725563888891273
2020-07-16 02:00:00;14.379102777779842
2020-07-16 03:00:00;13.696972222224328
2020-07-16 04:00:00;13.818808333335426
2020-07-16 05:00:00;14.595994444446664
2020-07-16 06:00:00;15.316652777779884
2020-07-16 07:00:00;16.6961333333354
2020-07-16 08:00:00;17.466563888891088
2020-07-16 09:00:00;18.04541111111324
2020-07-16 10:00:00;18.780633333335214
2020-07-16 11:00:00;18.945872222224157
2020-07-16 12:00:00;19.990277777779774
2020-07-16 13:00:00;19.782819444446396
2020-07-16 14:00:00;20.72073888889082
2020-07-16 15:00:00;20.581008333335255
2020-07-16 16:00:00;19.75087802167478
2020-07-16 17:00:00;19.87940833333531
2020-07-16 18:00:00;19.285133333335462
2020-07-16 19:00:00;18.69855277777972
2020-07-16 20:00:00;17.737375000002338
2020-07-16 21:00:00;15.692558333335507
2020-07-16 22:00:00;14.200130555557756
2020-07-16 23:00:00;13.697036111113588
2020-07-17 00:00:00;13.52898333333585
2020-07-17 01:00:00;12.842752777779909
2020-07-17 02:00:00;12.409780555557955
2020-07-17 03:00:00;12.284261111113693
2020-07-17 04:00:00;12.035372222225025
2020-07-17 05:00:00;13.905411111113345
2020-07-17 06:00:00;15.967483333335524
2020-07-17 07:00:00;18.34259166666882
2020-07-17 08:00:00;19.171275000002012
2020-07-17 09:00:00;19.90187222222427
2020-07-17 10:00:00;20.879866666668327
2020-07-17 11:00:00;22.25351111111312
2020-07-17 12:00:00;22.80200611281116
2020-07-17 13:00:00;23.621813888890454
2020-07-17 14:00:00;23.685013888890577
2020-07-17 15:00:00;23.61275000000148
2020-07-17 16:00:00;22.72379166666875
2020-07-17 17:00:00;22.29222222222404
2020-07-17 18:00:00;22.13334444444627
2020-07-17 19:00:00;20.735602777779086
2020-07-17 20:00:00;18.6359361111132
2020-07-17 21:00:00;16.979322222223924
2020-07-17 22:00:00;15.971444444446275
2020-07-17 23:00:00;15.074347222224185
2020-07-18 00:00:00;14.383916666668615
2020-07-18 01:00:00;13.722119444446387
2020-07-18 02:00:00;13.239205555557469
2020-07-18 03:00:00;13.05036666666867
2020-07-18 04:00:00;13.410936111113074
2020-07-18 05:00:00;14.895658333335554
2020-07-18 06:00:00;16.68216388889074
2020-07-18 07:00:00;18.962958333334967
2020-07-18 08:00:00;20.732191666667926
2020-07-18 09:00:00;22.42257849402718
2020-07-18 10:00:00;23.58635555555665
2020-07-18 11:00:00;24.399994444445863
2020-07-18 12:00:00;25.255783333334797
2020-07-18 13:00:00;24.536832453460697
2020-07-18 14:00:00;24.846786111112674
2020-07-18 15:00:00;24.899630555557486
2020-07-18 16:00:00;24.502063888890376
2020-07-18 17:00:00;23.925355555556717
2020-07-18 18:00:00;23.10862777777913
2020-07-18 19:00:00;21.664675000001388
2020-07-18 20:00:00;20.25347500000116
2020-07-18 21:00:00;18.646447222224047
2020-07-18 22:00:00;17.637152777779765
2020-07-18 23:00:00;17.077791666668258
2020-07-19 00:00:00;16.511797222224374
2020-07-19 01:00:00;16.38321111111331
2020-07-19 02:00:00;16.144875000002028
2020-07-19 03:00:00;16.04620555555734
2020-07-19 04:00:00;16.459594444446694
2020-07-19 05:00:00;17.508766666668645
2020-07-19 06:00:00;18.44520700194695
2020-07-19 07:00:00;20.571094444445947
2020-07-19 08:00:00;22.74466666666828
2020-07-19 09:00:00;23.27774444444625
2020-07-19 10:00:00;25.24918055555741
2020-07-19 11:00:00;26.122438888890837
2020-07-19 12:00:00;25.705297222223876
2020-07-19 13:00:00;26.55773611111281
2020-07-19 14:00:00;25.41771388889096
2020-07-19 15:00:00;26.706680555557238
2020-07-19 16:00:00;24.197616666667862
2020-07-19 17:00:00;23.441144444445833
2020-07-19 18:00:00;22.060641666668268
2020-07-19 19:00:00;21.653111111112512
2020-07-19 20:00:00;20.960219444445762
2020-07-19 21:00:00;20.20945555555728
2020-07-19 22:00:00;19.38330555555721
2020-07-19 23:00:00;17.850250000002003
2020-07-20 00:00:00;17.714938888890877
2020-07-20 01:00:00;17.546413888890868
2020-07-20 02:00:00;17.6122472222243
2020-07-20 03:00:00;17.434663888891066
2020-07-20 04:00:00;16.889919422063763
2020-07-20 05:00:00;15.973833333335286
2020-07-20 06:00:00;14.907390941930359
2020-07-20 07:00:00;14.803894444446607
2020-07-20 08:00:00;15.859302777779709
2020-07-20 09:00:00;17.196058333335408
2020-07-20 10:00:00;17.932238888890932
2020-07-20 11:00:00;19.150025000001968
2020-07-20 12:00:00;19.998875000001647
2020-07-20 13:00:00;20.67306388889041
2020-07-20 14:00:00;20.40779166666838
2020-07-20 15:00:00;20.538244444446075
2020-07-20 16:00:00;19.69927500000181
2020-07-20 17:00:00;19.01831944444629
2020-07-20 18:00:00;18.56887500000198
2020-07-20 19:00:00;17.273166666668295
2020-07-20 20:00:00;16.32588055555748
2020-07-20 21:00:00;15.57514722222398
2020-07-20 22:00:00;14.926450000001859
2020-07-20 23:00:00;14.258652777779716
2020-07-21 00:00:00;12.77643888889073
2020-07-21 01:00:00;12.11290358433108
2020-07-21 02:00:00;11.765983333335333
2020-07-21 03:00:00;11.769666666668787
2020-07-21 04:00:00;11.857544444446594
2020-07-21 05:00:00;12.881958333335245
2020-07-21 06:00:00;14.610863888890714
2020-07-21 07:00:00;16.327677777779623
2020-07-21 08:00:00;17.28159722222404
2020-07-21 09:00:00;17.516861111112934
2020-07-21 10:00:00;17.260886111112963
2020-07-21 11:00:00;17.487519444446338
2020-07-21 12:00:00;15.988000000001742
2020-07-21 13:00:00;16.95323333333519
2020-07-21 14:00:00;18.659933333335093
2020-07-21 15:00:00;18.558861111112765
2020-07-21 16:00:00;18.499808333335086
2020-07-21 17:00:00;18.345963888890992
2020-07-21 18:00:00;17.873186111112926
2020-07-21 19:00:00;16.746277777779394
2020-07-21 20:00:00;15.846930555557178
2020-07-21 21:00:00;15.322014448459392
2020-07-21 22:00:00;13.943369474564106
2020-07-21 23:00:00;12.868427777779374
2020-07-22 00:00:00;12.52008333333512
2020-07-22 01:00:00;12.02497222222423
2020-07-22 02:00:00;11.595977777779364
2020-07-22 03:00:00;11.310947222224288
2020-07-22 04:00:00;11.441513888890698
2020-07-22 05:00:00;12.502352777779569
2020-07-22 06:00:00;14.198683333335048
2020-07-22 07:00:00;15.364047222224116
2020-07-22 08:00:00;16.896022222223955
2020-07-22 09:00:00;17.33367500000148
2020-07-22 10:00:00;18.451836111113067
2020-07-22 11:00:00;17.295047222223857
2020-07-22 12:00:00;18.42970833333502
2020-07-22 13:00:00;19.658766666668296
2020-07-22 14:00:00;18.774722222223687
2020-07-22 15:00:00;19.17179444444602
2020-07-22 16:00:00;19.010069444446284
2020-07-22 17:00:00;18.67707777777969
2020-07-22 18:00:00;17.830041678245994
2020-07-22 19:00:00;17.060788888890823
2020-07-22 20:00:00;16.29476666666879
2020-07-22 21:00:00;15.660452777779556
2020-07-22 22:00:00;15.163358333335028
2020-07-22 23:00:00;14.77011944444648
2020-07-23 00:00:00;14.632619444446375
2020-07-23 01:00:00;14.472761111112796
2020-07-23 02:00:00;13.813172222224306
2020-07-23 03:00:00;13.497850000001785
2020-07-23 04:00:00;13.213241666667775
2020-07-23 05:00:00;13.494416666668586
2020-07-23 06:00:00;14.831486111113039
2020-07-23 07:00:00;16.223222222224006
2020-07-23 08:00:00;17.058694444446314
2020-07-23 09:00:00;17.72749166666861
2020-07-23 10:00:00;18.66657777777975
2020-07-23 11:00:00;19.963822222224067
2020-07-23 12:00:00;20.800672222223767
2020-07-23 13:00:00;20.630293764989872
2020-07-23 14:00:00;21.35711666666809
2020-07-23 15:00:00;21.73000555555745
2020-07-23 16:00:00;21.835808333335113
2020-07-23 17:00:00;21.731372222223843
2020-07-23 18:00:00;20.70789722222411
2020-07-23 19:00:00;19.894111111112977
2020-07-23 20:00:00;19.033592664631136
2020-07-23 21:00:00;19.50258888889059
2020-07-23 22:00:00;19.04170277777968
2020-07-23 23:00:00;18.009127777779838
2020-07-24 00:00:00;17.248366666668502
2020-07-24 01:00:00;15.812702777779654
2020-07-24 02:00:00;15.543963888890678
2020-07-24 03:00:00;15.757577777779336
2020-07-24 04:00:00;15.60228611111306
2020-07-24 05:00:00;15.972469444446132
2020-07-24 06:00:00;17.250033333335303
2020-07-24 07:00:00;17.634411111113018
2020-07-24 08:00:00;17.46621388889061
2020-07-24 09:00:00;17.500827777779488
2020-07-24 10:00:00;18.47789444444616
2020-07-24 11:00:00;19.802616666668253
2020-07-24 12:00:00;20.3185527777793
2020-07-24 13:00:00;21.21887777777919
2020-07-24 14:00:00;21.964141666668205
2020-07-24 15:00:00;22.123850000001674
2020-07-24 16:00:00;21.36860555555686
2020-07-24 17:00:00;20.917963323146594
2020-07-24 18:00:00;19.922211725481024
2020-07-24 19:00:00;18.71791111111281
2020-07-24 20:00:00;17.97485277777984
2020-07-24 21:00:00;17.323019444446295
2020-07-24 22:00:00;16.758533333335212
2020-07-24 23:00:00;15.495547222224081
2020-07-25 00:00:00;14.639475000002005
2020-07-25 01:00:00;14.293708333335251
2020-07-25 02:00:00;13.667241666668787
2020-07-25 03:00:00;13.845213888891056
2020-07-25 04:00:00;14.734108333335113
2020-07-25 05:00:00;15.296708333335587
2020-07-25 06:00:00;16.152550000001973
2020-07-25 07:00:00;18.17348888889088
2020-07-25 08:00:00;19.322700000001603
2020-07-25 09:00:00;20.454452777779306
2020-07-25 10:00:00;20.89983055555692
2020-07-25 11:00:00;21.809991666668072
2020-07-25 12:00:00;22.351438888890762
2020-07-25 13:00:00;22.68886111111277
2020-07-25 14:00:00;22.930538888890638
2020-07-25 15:00:00;23.399858333335015
2020-07-25 16:00:00;22.787943873299827
2020-07-25 17:00:00;21.198227777779447
2020-07-25 18:00:00;18.646511111112847
2020-07-25 19:00:00;17.85538333333505
2020-07-25 20:00:00;17.455247222223974
2020-07-25 21:00:00;17.016016666668243
2020-07-25 22:00:00;17.035925000001175
2020-07-25 23:00:00;17.146108333335047
2020-07-26 00:00:00;17.123508333334886
2020-07-26 01:00:00;17.171097222223757
2020-07-26 02:00:00;17.521241666668445
2020-07-26 03:00:00;17.473500000001707
2020-07-26 04:00:00;16.835491666668492
2020-07-26 05:00:00;16.989541666668636
2020-07-26 06:00:00;16.971466666668793
2020-07-26 07:00:00;16.97450833333491
2020-07-26 08:00:00;17.010758333334813
2020-07-26 09:00:00;17.627816666668576
2020-07-26 10:00:00;19.19102500000178
2020-07-26 11:00:00;19.75720000000143
2020-07-26 12:00:00;21.55429444444592
2020-07-26 13:00:00;21.946882467353745
2020-07-26 14:00:00;22.82160555555737
2020-07-26 15:00:00;22.633150000001656
2020-07-26 16:00:00;20.39449722222369
2020-07-26 17:00:00;19.85844166666805
2020-07-26 18:00:00;19.79711666666812
2020-07-26 19:00:00;19.154052777779185
2020-07-26 20:00:00;18.32947500000139
2020-07-26 21:00:00;16.577875000001203
2020-07-26 22:00:00;15.022627777779073
2020-07-26 23:00:00;14.487280555557227
2020-07-27 00:00:00;14.465783333334914
2020-07-27 01:00:00;14.526022222223887
2020-07-27 02:00:00;14.408013888890373
2020-07-27 03:00:00;14.279080555556948
2020-07-27 04:00:00;14.148872222223472
2020-07-27 05:00:00;14.474008333334984
2020-07-27 06:00:00;15.596422222223392
2020-07-27 07:00:00;17.784383333334503
2020-07-27 08:00:00;18.97467777777872
2020-07-27 09:00:00;19.70470000000118
2020-07-27 10:00:00;20.20989441511625
2020-07-27 11:00:00;20.054133333334264
2020-07-27 12:00:00;20.44372777777892
2020-07-27 13:00:00;20.64977222222309
2020-07-27 14:00:00;20.102652777778676
2020-07-27 15:00:00;20.372800000001263
2020-07-27 16:00:00;19.076261111112046
2020-07-27 17:00:00;18.661447222223295
2020-07-27 18:00:00;18.421022222223392
2020-07-27 19:00:00;18.391977777778862
2020-07-27 20:00:00;18.70324444444548
2020-07-27 21:00:00;18.866313888890005
2020-07-27 22:00:00;18.79116388889024
2020-07-27 23:00:00;18.408391666667846
2020-07-28 00:00:00;17.974505555557197
2020-07-28 01:00:00;17.488363888890632
2020-07-28 02:00:00;16.727466666668306
2020-07-28 03:00:00;16.30102777777915
2020-07-28 04:00:00;17.897805555557202
2020-07-28 05:00:00;18.050708333334804
2020-07-28 06:00:00;18.63125833333471
2020-07-28 07:00:00;19.561241666668167
2020-07-28 08:00:00;18.830105555557008
2020-07-28 09:00:00;18.705987774382862
2020-07-28 10:00:00;18.917580555557088
2020-07-28 11:00:00;20.088288888890236
2020-07-28 12:00:00;21.013802777778835
2020-07-28 13:00:00;21.755050000001546
2020-07-28 14:00:00;22.32008888889041
2020-07-28 15:00:00;21.088672222223305
2020-07-28 16:00:00;20.341291666668038
2020-07-28 17:00:00;18.675947222223694
2020-07-28 18:00:00;18.945116666668287
2020-07-28 19:00:00;18.020111111113373
2020-07-28 20:00:00;17.243833333335527
2020-07-28 21:00:00;15.978461111113305
2020-07-28 22:00:00;15.371050000002143
2020-07-28 23:00:00;14.70565277778017
2020-07-29 00:00:00;14.484319444446587
2020-07-29 01:00:00;14.326147222224364
2020-07-29 02:00:00;14.75866666666924
2020-07-29 03:00:00;14.795075000002534
2020-07-29 04:00:00;15.059508333335149
2020-07-29 05:00:00;15.309991666668743
2020-07-29 06:00:00;15.901175326481773
2020-07-29 07:00:00;16.349008333335743
2020-07-29 08:00:00;17.44709722222446
2020-07-29 09:00:00;18.205466666669015
2020-07-29 10:00:00;18.67585000000244
2020-07-29 11:00:00;18.54530833333531
2020-07-29 12:00:00;18.907669444446586
2020-07-29 13:00:00;19.415561111113178
2020-07-29 14:00:00;18.91317222222457
2020-07-29 15:00:00;18.522008333335464
2020-07-29 16:00:00;18.15773333333586
2020-07-29 17:00:00;17.713033333335947
2020-07-29 18:00:00;16.875883333335842
2020-07-29 19:00:00;16.678508333335778
2020-07-29 20:00:00;16.033013888891393
2020-07-29 21:00:00;15.939994444446981
2020-07-29 22:00:00;15.202813888891257
2020-07-29 23:00:00;14.615422222224733
2020-07-30 00:00:00;13.651297222224533
2020-07-30 01:00:00;13.38727222222475
2020-07-30 02:00:00;13.401947222224807
2020-07-30 03:00:00;12.630566824120233
2020-07-30 04:00:00;12.712872222224414
2020-07-30 05:00:00;13.156616666669178
2020-07-30 06:00:00;14.026297222224713
2020-07-30 07:00:00;15.053644444446915
2020-07-30 08:00:00;16.527097222224512
2020-07-30 09:00:00;17.94074166666923
2020-07-30 10:00:00;18.77276388889097
2020-07-30 11:00:00;20.09917777777992
2020-07-30 12:00:00;20.112788888891195
2020-07-30 13:00:00;20.536772222224286
2020-07-30 14:00:00;19.754002777780038
2020-07-30 15:00:00;19.78262222222461
2020-07-30 16:00:00;19.780938888891125
2020-07-30 17:00:00;19.6357750000022
2020-07-30 18:00:00;19.077852777780077
2020-07-30 19:00:00;18.31941944444685
2020-07-30 20:00:00;16.81223333333559
2020-07-30 21:00:00;15.014902777780296
2020-07-30 22:00:00;14.209138888890882
2020-07-30 23:00:00;13.663911111113693
2020-07-31 00:00:00;13.412608333336234
2020-07-31 01:00:00;13.073531536540004
2020-07-31 02:00:00;12.759752777779706
2020-07-31 03:00:00;12.481916666669113
2020-07-31 04:00:00;12.309716666669136
2020-07-31 05:00:00;13.054808333335595
2020-07-31 06:00:00;15.42829444444676
2020-07-31 07:00:00;17.81954722222446
2020-07-31 08:00:00;19.23440555555759
2020-07-31 09:00:00;19.902363888890946
2020-07-31 10:00:00;21.04011388889066
2020-07-31 11:00:00;22.784311111113055
2020-07-31 12:00:00;24.18467500000196
2020-07-31 13:00:00;24.959875000002114
2020-07-31 14:00:00;25.972858333335687
2020-07-31 15:00:00;25.380430555557858
2020-07-31 16:00:00;24.51332500000208
2020-07-31 17:00:00;24.081633333334985
2020-07-31 18:00:00;24.032613888890673
2020-07-31 19:00:00;22.541458333335413
2020-07-31 20:00:00;21.372759099751736
2020-07-31 21:00:00;19.95592222222418
2020-07-31 22:00:00;18.847030555557676
2020-07-31 23:00:00;17.813327777780053
2020-08-01 00:00:00;16.834127777779848
2020-08-01 01:00:00;16.431222222224665
2020-08-01 02:00:00;15.695650000002168
2020-08-01 03:00:00;15.893797222224398
2020-08-01 04:00:00;15.725500000002134
2020-08-01 05:00:00;16.397547222224578
2020-08-01 06:00:00;18.01673611111332
2020-08-01 07:00:00;20.461327777779942
2020-08-01 08:00:00;22.160780555557746
2020-08-01 09:00:00;23.745844444446927
2020-08-01 10:00:00;25.62575277778023
2020-08-01 11:00:00;27.169597222224606
2020-08-01 12:00:00;26.572205555558053
2020-08-01 13:00:00;26.281269444446753
2020-08-01 14:00:00;24.38884722222485
2020-08-01 15:00:00;25.34129444444695
2020-08-01 16:00:00;26.875094444446894
2020-08-01 17:00:00;26.515919444446748
2020-08-01 18:00:00;25.206098916367804
2020-08-01 19:00:00;22.95388055555797
2020-08-01 20:00:00;22.021888888891358
2020-08-01 21:00:00;21.059708333335266
2020-08-01 22:00:00;20.426066666669023
2020-08-01 23:00:00;20.120891666668967
2020-08-02 00:00:00;19.932594444446497
2020-08-02 01:00:00;19.71597222222464
2020-08-02 02:00:00;18.96549722222459
2020-08-02 03:00:00;18.307447222224795
2020-08-02 04:00:00;17.696997222224642
2020-08-02 05:00:00;17.75618611111328
2020-08-02 06:00:00;17.868969444446872
2020-08-02 07:00:00;18.45625277778028
2020-08-02 08:00:00;19.203113888891025
2020-08-02 09:00:00;19.823255555557736
2020-08-02 10:00:00;20.45995277778004
2020-08-02 11:00:00;21.18295833333531
2020-08-02 12:00:00;22.292183333335696
2020-08-02 13:00:00;23.682416666668786
2020-08-02 14:00:00;24.08231388889093
2020-08-02 15:00:00;23.696463888890857
2020-08-02 16:00:00;19.401197222224337
2020-08-02 17:00:00;18.86738816338117
2020-08-02 18:00:00;18.72574444444655
2020-08-02 19:00:00;17.989022222224953
2020-08-02 20:00:00;17.016483333336392
2020-08-02 21:00:00;16.544719444447576
2020-08-02 22:00:00;16.074766666669632
2020-08-02 23:00:00;15.51282222222508
2020-08-03 00:00:00;14.660441666669508
2020-08-03 01:00:00;14.082344444447358
2020-08-03 02:00:00;13.28959444444717
2020-08-03 03:00:00;12.973127777780798
2020-08-03 04:00:00;12.713933333336326
2020-08-03 05:00:00;13.606572222225052
2020-08-03 06:00:00;15.55443333333625
2020-08-03 07:00:00;16.71882777778081
2020-08-03 08:00:00;17.522777777780767
2020-08-03 09:00:00;18.230613888891785
2020-08-03 10:00:00;19.164619444447066
2020-08-03 11:00:00;19.59217222222499
2020-08-03 12:00:00;20.588727777780186
2020-08-03 13:00:00;21.314459335975968
2020-08-03 14:00:00;21.58983333333589
2020-08-03 15:00:00;21.16262500000248
2020-08-03 16:00:00;20.47194166666948
2020-08-03 17:00:00;20.16448333333597
2020-08-03 18:00:00;19.59972500000253
2020-08-03 19:00:00;18.08228055555845
2020-08-03 20:00:00;16.97945000000267
2020-08-03 21:00:00;16.215027777780794
2020-08-03 22:00:00;15.633550000002725
2020-08-03 23:00:00;15.042653514868288
2020-08-04 00:00:00;14.438291666669564
2020-08-04 01:00:00;13.876122222225211
2020-08-04 02:00:00;13.300116666669355
2020-08-04 03:00:00;13.043866666669539
2020-08-04 04:00:00;12.620422222225034
2020-08-04 05:00:00;12.846805555558376
2020-08-04 06:00:00;13.353836111114022
2020-08-04 07:00:00;15.225780555558313
2020-08-04 08:00:00;16.8810500000029
2020-08-04 09:00:00;18.02920833333621
2020-08-04 10:00:00;19.259458333336124
2020-08-04 11:00:00;20.766594444446934
2020-08-04 12:00:00;21.43217500000272
2020-08-04 13:00:00;21.66150277778047
2020-08-04 14:00:00;21.587402777780405
2020-08-04 15:00:00;20.46167500000258
2020-08-04 16:00:00;20.35708055555815
2020-08-04 17:00:00;19.972180555558246
2020-08-04 18:00:00;19.623802777780675
2020-08-04 19:00:00;18.33651111111409
2020-08-04 20:00:00;16.599791608783036
2020-08-04 21:00:00;15.191961111113924
2020-08-04 22:00:00;14.19187222222492
2020-08-04 23:00:00;14.511522222225
2020-08-05 00:00:00;14.814597222225034
2020-08-05 01:00:00;14.929038888891986
2020-08-05 02:00:00;14.725113888891926
2020-08-05 03:00:00;14.68335277778074
2020-08-05 04:00:00;14.36801333704087
2020-08-05 05:00:00;14.375538888891706
2020-08-05 06:00:00;15.361438888891781
2020-08-05 07:00:00;18.26695277778061
2020-08-05 08:00:00;21.17220277778018
2020-08-05 09:00:00;23.23342222222465
2020-08-05 10:00:00;24.620938888891484
2020-08-05 11:00:00;25.865883333336033
2020-08-05 12:00:00;26.9077222222248
2020-08-05 13:00:00;27.75262777778033
2020-08-05 14:00:00;28.27215833333605
2020-08-05 15:00:00;27.607788274523315
2020-08-05 16:00:00;26.903811111113658
2020-08-05 17:00:00;25.900813888891612
2020-08-05 18:00:00;24.95214166666951
2020-08-05 19:00:00;22.76017222222488
2020-08-05 20:00:00;20.48804444444686
2020-08-05 21:00:00;19.184850000002704
2020-08-05 22:00:00;18.28720833333597
2020-08-05 23:00:00;17.627550000002557
2020-08-06 00:00:00;16.843155555558035
2020-08-06 01:00:00;16.085241666669212
2020-08-06 02:00:00;15.575388888891275
2020-08-06 03:00:00;15.028111111113606
2020-08-06 04:00:00;14.824694444447124
2020-08-06 05:00:00;15.953558333335852
2020-08-06 06:00:00;18.430286111113613
2020-08-06 07:00:00;20.953972222224603
2020-08-06 08:00:00;22.999225000002426
2020-08-06 09:00:00;25.243255555558015
2020-08-06 10:00:00;27.3327611111136
2020-08-06 11:00:00;29.260094444446946
2020-08-06 12:00:00;30.12659349819624
2020-08-06 13:00:00;30.720738888891304
2020-08-06 14:00:00;31.323141666669365
2020-08-06 15:00:00;30.07367222222454
2020-08-06 16:00:00;29.063302777780237
2020-08-06 17:00:00;28.572441666669224
2020-08-06 18:00:00;27.30644444444703
2020-08-06 19:00:00;25.009258333335904
2020-08-06 20:00:00;22.850127777780234
2020-08-06 21:00:00;21.75620000000273
2020-08-06 22:00:00;20.495022222224332
2020-08-06 23:00:00;19.525661111113504
2020-08-07 00:00:00;18.72500833333573
2020-08-07 01:00:00;17.925463888891358
2020-08-07 02:00:00;17.07934166666893
2020-08-07 03:00:00;16.290588888891545
2020-08-07 04:00:00;15.861238888891233
2020-08-07 05:00:00;16.116116666669072
2020-08-07 06:00:00;18.592019444446663
2020-08-07 07:00:00;22.240800222286204
2020-08-07 08:00:00;24.22797500000211
2020-08-07 09:00:00;26.769544444446677
2020-08-07 10:00:00;28.49425555555802
2020-08-07 11:00:00;29.824530555557622
2020-08-07 12:00:00;30.580183333335427
2020-08-07 13:00:00;31.046363888891158
2020-08-07 14:00:00;31.5428416666691
2020-08-07 15:00:00;30.415450000002192
2020-08-07 16:00:00;29.70686666666883
2020-08-07 17:00:00;29.535480555557665
2020-08-07 18:00:00;28.70279166666889
2020-08-07 19:00:00;26.97898055555789
2020-08-07 20:00:00;25.37995833333561
2020-08-07 21:00:00;24.263408333335434
2020-08-07 22:00:00;23.707055555557623
2020-08-07 23:00:00;22.075633333335446
2020-08-08 00:00:00;20.98732777777952
2020-08-08 01:00:00;20.166513888890922
2020-08-08 02:00:00;19.630480555557632
2020-08-08 03:00:00;19.07872742428648
2020-08-08 04:00:00;18.740644444446836
2020-08-08 05:00:00;19.206783333335785
2020-08-08 06:00:00;21.226788888891075
2020-08-08 07:00:00;23.596155555557793
2020-08-08 08:00:00;25.027169444446635
2020-08-08 09:00:00;27.455097222224392
2020-08-08 10:00:00;28.95293611111339
2020-08-08 11:00:00;31.203691666668945
2020-08-08 12:00:00;31.80267500000232
2020-08-08 13:00:00;32.19233888889118
2020-08-08 14:00:00;33.180897222224395
2020-08-08 15:00:00;31.77049444444671
2020-08-08 16:00:00;31.066322222224482
2020-08-08 17:00:00;30.3249138888912
2020-08-08 18:00:00;29.004066666668876
2020-08-08 19:00:00;27.454597222224564
2020-08-08 20:00:00;26.17604166666897
2020-08-08 21:00:00;24.9230361111136
2020-08-08 22:00:00;23.405390386220695
2020-08-08 23:00:00;22.321016666668907
2020-08-09 00:00:00;21.839338888891035
2020-08-09 01:00:00;21.10676666666864
2020-08-09 02:00:00;20.96344444444602
2020-08-09 03:00:00;20.901738888890673
2020-08-09 04:00:00;20.53313333333548
2020-08-09 05:00:00;21.234936111113264
2020-08-09 06:00:00;21.711088888891002
2020-08-09 07:00:00;23.61230833333561
2020-08-09 08:00:00;25.52011388889125
2020-08-09 09:00:00;27.05619166666905
2020-08-09 10:00:00;28.29648333333572
2020-08-09 11:00:00;29.39793055555779
2020-08-09 12:00:00;30.111783333335534
2020-08-09 13:00:00;29.81139722222425
2020-08-09 14:00:00;29.75275000000229
2020-08-09 15:00:00;29.401433333335596
2020-08-09 16:00:00;28.77861666666881
2020-08-09 17:00:00;27.963983333335687
2020-08-09 18:00:00;27.36666666666882
2020-08-09 19:00:00;26.519866629621745
2020-08-09 20:00:00;25.317691666669003
2020-08-09 21:00:00;24.069794444446373
2020-08-09 22:00:00;23.114716666669192
2020-08-09 23:00:00;22.804975000002152
2020-08-10 00:00:00;22.16321388889065
2020-08-10 01:00:00;21.514850000001765
2020-08-10 02:00:00;20.83155277777993
2020-08-10 03:00:00;19.729794444446746
2020-08-10 04:00:00;19.50502777777985
2020-08-10 05:00:00;20.293336111113245
2020-08-10 06:00:00;22.06805000000212
2020-08-10 07:00:00;24.047858333335785
2020-08-10 08:00:00;25.51135555555816
2020-08-10 09:00:00;26.999266666669016
2020-08-10 10:00:00;28.82794166666889
2020-08-10 11:00:00;30.698680555557928
2020-08-10 12:00:00;31.97060555555787
2020-08-10 13:00:00;31.87169166666882
2020-08-10 14:00:00;28.331444444446877
2020-08-10 15:00:00;29.751925000002142
2020-08-10 16:00:00;30.02300361211669
2020-08-10 17:00:00;29.51139722222445
2020-08-10 18:00:00;28.302147222224498
2020-08-10 19:00:00;26.986658333335576
2020-08-10 20:00:00;24.386630555557794
2020-08-10 21:00:00;23.896858333335306
2020-08-10 22:00:00;23.24504722222438
2020-08-10 23:00:00;22.36910833333513
2020-08-11 00:00:00;21.504480555557837
2020-08-11 01:00:00;20.941650000001847
2020-08-11 02:00:00;20.28336388889088
2020-08-11 03:00:00;20.082863888890785
2020-08-11 04:00:00;19.688966666668808
2020-08-11 05:00:00;19.961177777780172
2020-08-11 06:00:00;21.428827777779727
2020-08-11 07:00:00;23.57669166666882
2020-08-11 08:00:00;25.416547222224466
2020-08-11 09:00:00;27.46528055555776
2020-08-11 10:00:00;28.84196111111345
2020-08-11 11:00:00;30.499152777780036
2020-08-11 12:00:00;31.477647222224718
2020-08-11 13:00:00;31.53625729369507
2020-08-11 14:00:00;31.539527777780123
2020-08-11 15:00:00;31.057005555557904
2020-08-11 16:00:00;30.507600000002213
2020-08-11 17:00:00;30.17423055555756
2020-08-11 18:00:00;29.314313888891142
2020-08-11 19:00:00;27.794211111113555
2020-08-11 20:00:00;26.130211111113507
2020-08-11 21:00:00;24.590486111113314
2020-08-11 22:00:00;23.31023611111335
2020-08-11 23:00:00;22.1857833333356
2020-08-12 00:00:00;21.070730555557603
2020-08-12 01:00:00;20.231836111113285
2020-08-12 02:00:00;19.494447222224363
2020-08-12 03:00:00;18.738675000001916
2020-08-12 04:00:00;18.382516666669407
2020-08-12 05:00:00;18.485547222224668
2020-08-12 06:00:00;19.693944444446714
2020-08-12 07:00:00;21.903805555557607
2020-08-12 08:00:00;23.972953598223768
2020-08-12 09:00:00;25.78542777778018
2020-08-12 10:00:00;27.68841344818233
2020-08-12 11:00:00;29.481780555557837
2020-08-12 12:00:00;30.770466666668874
2020-08-12 13:00:00;31.287536111113482
2020-08-12 14:00:00;31.67421666666907
2020-08-12 15:00:00;30.949522222224626
2020-08-12 16:00:00;30.5045555555578
2020-08-12 17:00:00;29.54717777777997
2020-08-12 18:00:00;28.622141666669158
2020-08-12 19:00:00;27.24364722222456
2020-08-12 20:00:00;25.891569444446677
2020-08-12 21:00:00;24.428350000002556
2020-08-12 22:00:00;23.146197222224288
2020-08-12 23:00:00;21.9122111111134
2020-08-13 00:00:00;20.810772222223914
2020-08-13 01:00:00;20.087430555558
2020-08-13 02:00:00;19.29913888889113
2020-08-13 03:00:00;18.459905555557988
2020-08-13 04:00:00;17.801866666669024
2020-08-13 05:00:00;17.88713531536776
2020-08-13 06:00:00;19.184972222224552
2020-08-13 07:00:00;21.00586944444653
2020-08-13 08:00:00;22.66335555555791
2020-08-13 09:00:00;24.918058333333846
2020-08-13 10:00:00;26.654004847016655
2020-08-13 11:00:00;28.65419444444504
2020-08-13 12:00:00;29.948555555556155
2020-08-13 13:00:00;30.770097222222706
2020-08-13 14:00:00;31.1101500000007
2020-08-13 15:00:00;29.94701028063381
2020-08-13 16:00:00;28.721811111111727
2020-08-13 17:00:00;27.630116666667046
2020-08-13 18:00:00;26.321938888889502
2020-08-13 19:00:00;24.903050000000697
2020-08-13 20:00:00;23.87265555555582
2020-08-13 21:00:00;23.25710833333391
2020-08-13 22:00:00;22.834625000000656
2020-08-13 23:00:00;22.048272222222945
2020-08-14 00:00:00;21.312316666666934
2020-08-14 01:00:00;20.606708333333604
2020-08-14 02:00:00;19.948133333333928
2020-08-14 03:00:00;19.325394444444857
2020-08-14 04:00:00;19.275616666667048
2020-08-14 05:00:00;19.204919444444705
2020-08-14 06:00:00;19.57641666666744
2020-08-14 07:00:00;21.07681666666709
2020-08-14 08:00:00;22.26299166666736
2020-08-14 09:00:00;24.08863611111155
2020-08-14 10:00:00;25.692727777778675
2020-08-14 11:00:00;27.26590000000066
2020-08-14 12:00:00;28.70431388888955
2020-08-14 13:00:00;28.957827174215748
2020-08-14 14:00:00;29.681780555556127
2020-08-14 15:00:00;28.64935000000056
2020-08-14 16:00:00;28.33821111111189
2020-08-14 17:00:00;27.800636111111718
2020-08-14 18:00:00;26.601488888889726
2020-08-14 19:00:00;25.21076944444512
2020-08-14 20:00:00;23.961555555555805
2020-08-14 21:00:00;23.095252777778416
2020-08-14 22:00:00;22.251769444445
2020-08-14 23:00:00;21.352900000000428
2020-08-15 00:00:00;20.732905555555906
2020-08-15 01:00:00;19.84966388888948
2020-08-15 02:00:00;19.16558333333416
2020-08-15 03:00:00;18.480400000000962
2020-08-15 04:00:00;18.28631944444602
2020-08-15 05:00:00;18.945125000000683
2020-08-15 06:00:00;19.747086111111766
2020-08-15 07:00:00;21.788666666667307
2020-08-15 08:00:00;23.7608333333339
2020-08-15 09:00:00;25.65363611111177
2020-08-15 10:00:00;27.306693525980126
2020-08-15 11:00:00;28.75784722222281
2020-08-15 12:00:00;29.64452222222284
2020-08-15 13:00:00;30.319875000000412
2020-08-15 14:00:00;30.789011111111652
2020-08-15 15:00:00;29.692222222222977
2020-08-15 16:00:00;29.532400000000692
2020-08-15 17:00:00;28.90583888888968
2020-08-15 18:00:00;27.626347222222986
2020-08-15 19:00:00;26.20682500000061
2020-08-15 20:00:00;24.44026666666723
2020-08-15 21:00:00;22.809880555556198
2020-08-15 22:00:00;21.72090833333387
2020-08-15 23:00:00;21.032605555555676
2020-08-16 00:00:00;20.423161111111746
2020-08-16 01:00:00;19.780533333333853
2020-08-16 02:00:00;18.943538888889268
2020-08-16 03:00:00;18.31243611111197
2020-08-16 04:00:00;17.903994444445374
2020-08-16 05:00:00;18.752842456238717
2020-08-16 06:00:00;20.195880555556265
2020-08-16 07:00:00;22.56121944444529
2020-08-16 08:00:00;24.84415277777858
2020-08-16 09:00:00;26.63398611111191
2020-08-16 10:00:00;28.145922222223067
2020-08-16 11:00:00;29.659036111111888
2020-08-16 12:00:00;30.522566666667487
2020-08-16 13:00:00;30.74251111111187
2020-08-16 14:00:00;30.72432222222302
2020-08-16 15:00:00;30.117952777778605
2020-08-16 16:00:00;29.36188611111193
2020-08-16 17:00:00;29.019616666667577
2020-08-16 18:00:00;28.074666666667515
2020-08-16 19:00:00;27.130247222222966
2020-08-16 20:00:00;25.322622222222954
2020-08-16 21:00:00;22.853811111112037
2020-08-16 22:00:00;21.55583611111196
2020-08-16 23:00:00;22.393752777778715
2020-08-17 00:00:00;22.235394444445205
2020-08-17 01:00:00;21.128912680757026
2020-08-17 02:00:00;19.95437500000087
2020-08-17 03:00:00;18.940763888889727
2020-08-17 04:00:00;18.053366666667536
2020-08-17 05:00:00;18.831113888889845
2020-08-17 06:00:00;19.916977777778605
2020-08-17 07:00:00;21.99636388888975
2020-08-17 08:00:00;24.023930555556504
2020-08-17 09:00:00;25.92010555555669
2020-08-17 10:00:00;27.89177500000103
2020-08-17 11:00:00;28.60350833333435
2020-08-17 12:00:00;28.688833333334408
2020-08-17 13:00:00;28.5040194444455
2020-08-17 14:00:00;23.44211666666716
2020-08-17 15:00:00;22.013241666667728
2020-08-17 16:00:00;23.2654000000006
2020-08-17 17:00:00;22.83922222222343
2020-08-17 18:00:00;22.32363888888965
2020-08-17 19:00:00;21.642000000000877
2020-08-17 20:00:00;21.047850000000512
2020-08-17 21:00:00;20.698355555556034
2020-08-17 22:00:00;20.471763888889488
2020-08-17 23:00:00;19.252131147541977
2020-08-18 00:00:00;18.634938888889614
2020-08-18 01:00:00;18.486361111112334
2020-08-18 02:00:00;18.246036111112886
2020-08-18 03:00:00;17.939222222224124
2020-08-18 04:00:00;17.676211111112888
2020-08-18 05:00:00;18.04162500000183
2020-08-18 06:00:00;18.528388888890635
2020-08-18 07:00:00;19.722108333334948
2020-08-18 08:00:00;20.854072222223802
2020-08-18 09:00:00;22.108052777779328
2020-08-18 10:00:00;23.360133333335085
2020-08-18 11:00:00;24.30024722222382
2020-08-18 12:00:00;24.439250000001444
2020-08-18 13:00:00;23.7297305555573
2020-08-18 14:00:00;22.527169444446077
2020-08-18 15:00:00;22.822300000001803
2020-08-18 16:00:00;21.029927777779342
2020-08-18 17:00:00;19.710138888890565
2020-08-18 18:00:00;19.71013888889061
2020-08-18 19:00:00;18.916622222223772
2020-08-18 20:00:00;18.42131666666895
2020-08-18 21:00:00;18.34053903862516
2020-08-18 22:00:00;18.127469444446422
2020-08-18 23:00:00;17.308005555557052
2020-08-19 00:00:00;16.616730555557545
2020-08-19 01:00:00;16.396711111113163
2020-08-19 02:00:00;16.292116666668484
2020-08-19 03:00:00;15.93429722222382
2020-08-19 04:00:00;15.647605555557279
2020-08-19 05:00:00;15.753516666668187
2020-08-19 06:00:00;16.906827777779505
2020-08-19 07:00:00;19.101594444446047
2020-08-19 08:00:00;20.60080555555714
2020-08-19 09:00:00;21.536325000001376
2020-08-19 10:00:00;22.311713888890548
2020-08-19 11:00:00;23.74833055555697
2020-08-19 12:00:00;24.54332222222391
2020-08-19 13:00:00;25.01566666666825
2020-08-19 14:00:00;25.864186111112925
2020-08-19 15:00:00;25.050719444446486
2020-08-19 16:00:00;24.75448333333521
2020-08-19 17:00:00;23.999877777779012
2020-08-19 18:00:00;22.86511944444624
2020-08-19 19:00:00;21.158230063908093
2020-08-19 20:00:00;19.990883333334843
2020-08-19 21:00:00;19.640972222223656
2020-08-19 22:00:00;19.490644444446
2020-08-19 23:00:00;19.28650555555716
2020-08-20 00:00:00;18.82904166666788
2020-08-20 01:00:00;19.147644444446108
2020-08-20 02:00:00;19.311361111112834
2020-08-20 03:00:00;19.74553611111284
2020-08-20 04:00:00;19.422388888890406
2020-08-20 05:00:00;19.57142500000145
2020-08-20 06:00:00;19.713980555556926
2020-08-20 07:00:00;20.189388888890413
2020-08-20 08:00:00;21.273436111111987
2020-08-20 09:00:00;23.29083055555707
2020-08-20 10:00:00;24.94490833333537
2020-08-20 11:00:00;26.175702777779378
2020-08-20 12:00:00;26.460886111113034
2020-08-20 13:00:00;26.380544444446052
2020-08-20 14:00:00;27.22779722222406
2020-08-20 15:00:00;27.286461111112637
2020-08-20 16:00:00;26.971155555557278
2020-08-20 17:00:00;26.397285357045302
2020-08-20 18:00:00;25.368005555556945
2020-08-20 19:00:00;24.065194444445595
2020-08-20 20:00:00;22.832980555557477
2020-08-20 21:00:00;21.95340000000139
2020-08-20 22:00:00;21.437530555556947
2020-08-20 23:00:00;20.69226111111265
2020-08-21 00:00:00;20.713347222223828
2020-08-21 01:00:00;20.46957500000163
2020-08-21 02:00:00;20.76492222222318
2020-08-21 03:00:00;21.371788888890126
2020-08-21 04:00:00;22.114247222223657
2020-08-21 05:00:00;22.005705555557142
2020-08-21 06:00:00;21.79431944444572
2020-08-21 07:00:00;21.534744444445987
2020-08-21 08:00:00;21.565736111112475
2020-08-21 09:00:00;20.964741666668136
2020-08-21 10:00:00;21.00803888888992
2020-08-21 11:00:00;21.55307777777936
2020-08-21 12:00:00;22.073716666668407
2020-08-21 13:00:00;22.155927777779254
2020-08-21 14:00:00;22.812758333334852
2020-08-21 15:00:00;24.2250138888903
2020-08-21 16:00:00;24.593917754933692
2020-08-21 17:00:00;24.419708333334807
2020-08-21 18:00:00;23.448838888890467
2020-08-21 19:00:00;22.795569444446173
2020-08-21 20:00:00;22.064502777779264
2020-08-21 21:00:00;22.403272222223755
2020-08-21 22:00:00;22.47592222222366
2020-08-21 23:00:00;21.17273888889007
2020-08-22 00:00:00;20.255411111112558
2020-08-22 01:00:00;19.01138333333489
2020-08-22 02:00:00;18.061375000001476
2020-08-22 03:00:00;17.533925000001187
2020-08-22 04:00:00;17.664847222223436
2020-08-22 05:00:00;18.367133333334483
2020-08-22 06:00:00;19.406875000001413
2020-08-22 07:00:00;20.888527777778627
2020-08-22 08:00:00;20.43083055555645
2020-08-22 09:00:00;21.458288888890213
2020-08-22 10:00:00;23.382672222223345
2020-08-22 11:00:00;24.447416666667838
2020-08-22 12:00:00;24.795463888890186
2020-08-22 13:00:00;24.3990666666678
2020-08-22 14:00:00;24.45100305640583
2020-08-22 15:00:00;23.722566666667763
2020-08-22 16:00:00;19.489319444445574
2020-08-22 17:00:00;17.199927777778807
2020-08-22 18:00:00;16.478936111112525
2020-08-22 19:00:00;16.441588888890276
2020-08-22 20:00:00;16.220680555556992
2020-08-22 21:00:00;16.027938888890173
2020-08-22 22:00:00;16.232722222223586
2020-08-22 23:00:00;16.196000000001312
2020-08-23 00:00:00;15.610941666667609
2020-08-23 01:00:00;15.630877777778931
2020-08-23 02:00:00;15.870150000001257
2020-08-23 03:00:00;15.96843611111234
2020-08-23 04:00:00;16.23412777777922
2020-08-23 05:00:00;15.961022222223475
2020-08-23 06:00:00;16.30835555555704
2020-08-23 07:00:00;17.297700000001267
2020-08-23 08:00:00;18.3762500000012
2020-08-23 09:00:00;19.24097222222308
2020-08-23 10:00:00;20.047599333149066
2020-08-23 11:00:00;20.970566824118517
2020-08-23 12:00:00;20.61510000000087
2020-08-23 13:00:00;21.461588888889523
2020-08-23 14:00:00;18.88935833333437
2020-08-23 15:00:00;17.309686111112594
2020-08-23 16:00:00;17.16558333333474
2020-08-23 17:00:00;17.225297222223844
2020-08-23 18:00:00;16.98215000000113
2020-08-23 19:00:00;16.527813888890837
2020-08-23 20:00:00;16.44378055555737
2020-08-23 21:00:00;16.564811111112913
2020-08-23 22:00:00;15.920158333334827
2020-08-23 23:00:00;15.449166666668146
2020-08-24 00:00:00;14.645905555557182
2020-08-24 01:00:00;14.351072222223694
2020-08-24 02:00:00;14.161813888890293
2020-08-24 03:00:00;14.104563888890462
2020-08-24 04:00:00;13.773130555557175
2020-08-24 05:00:00;14.023833333334712
2020-08-24 06:00:00;14.65536666666817
2020-08-24 07:00:00;15.013000000001615
2020-08-24 08:00:00;15.081261812119058
2020-08-24 09:00:00;15.461569444445866
2020-08-24 10:00:00;16.024741666668337
2020-08-24 11:00:00;16.918725000001487
2020-08-24 12:00:00;17.14658888889037
2020-08-24 13:00:00;15.858997222223785
2020-08-24 14:00:00;16.466127777779473
2020-08-24 15:00:00;17.083513888890366
2020-08-24 16:00:00;17.200308333334938
2020-08-24 17:00:00;14.453769444445784
2020-08-24 18:00:00;14.382850000001334
2020-08-24 19:00:00;14.278013888890465
2020-08-24 20:00:00;14.327933333334734
2020-08-24 21:00:00;14.085208333334869
2020-08-24 22:00:00;14.156147222223707
2020-08-24 23:00:00;14.412022222223554
2020-08-25 00:00:00;14.403455555556867
2020-08-25 01:00:00;14.075255555557082
2020-08-25 02:00:00;13.598425000001528
2020-08-25 03:00:00;12.664592942485724
2020-08-25 04:00:00;12.128202777779464
2020-08-25 05:00:00;12.167477777779355
2020-08-25 06:00:00;13.126536111112244
