;cosmo_data;apollo_data
2020-06-02 08:00:00;18.420740000000023;
2020-06-02 09:00:00;20.62856000000005;21.177555555555546
2020-06-02 10:00:00;22.29060000000004;22.45288055555563
2020-06-02 11:00:00;23.537599999999998;23.846413888888932
2020-06-02 12:00:00;24.059500000000014;24.911594444444624
2020-06-02 13:00:00;24.62283000000002;24.682091666666913
2020-06-02 14:00:00;25.493040000000008;24.89974444444495
2020-06-02 15:00:00;25.22198000000003;25.285522222222642
2020-06-02 16:00:00;24.595420000000047;24.81523055555599
2020-06-02 17:00:00;24.044730000000015;24.80248888888905
2020-06-02 18:00:00;23.398300000000006;24.07689166666666
2020-06-02 19:00:00;20.41247000000004;22.67002222222243
2020-06-02 20:00:00;18.431240000000003;20.730713888888854
2020-06-02 21:00:00;16.87990000000002;19.044333333333498
2020-06-02 22:00:00;15.870870000000025;17.049436111111238
2020-06-02 23:00:00;15.222620000000063;15.937335370936449
2020-06-03 00:00:00;14.703329999999994;15.128780555555752
2020-06-03 01:00:00;14.174680000000023;14.713700000000019
2020-06-03 02:00:00;13.772850000000005;14.463319444444542
2020-06-03 03:00:00;14.240400000000022;13.962619444444465
2020-06-03 04:00:00;13.883020000000045;14.231769444444414
2020-06-03 05:00:00;14.685750000000041;15.702577777777787
2020-06-03 06:00:00;16.42166000000003;17.920311111111253
2020-06-03 07:00:00;18.211400000000026;20.17458333333329
2020-06-03 08:00:00;19.99615;21.52563611111084
2020-06-03 09:00:00;21.27602999999999;22.830091666666625
2020-06-03 10:00:00;22.67403999999999;24.05571944444457
2020-06-03 11:00:00;23.679900000000032;25.48265555555543
2020-06-03 12:00:00;24.168499999999995;26.116102777777833
2020-06-03 13:00:00;24.807900000000018;26.362811111111178
2020-06-03 14:00:00;24.97048000000001;25.843747222222405
2020-06-03 15:00:00;20.87396000000001;23.932919444444604
2020-06-03 16:00:00;19.868899999999996;17.635194444444554
2020-06-03 17:00:00;19.52496000000002;16.586008333333506
2020-06-03 18:00:00;18.064779999999985;17.03951944444406
2020-06-03 19:00:00;17.34692000000007;16.38950555555562
2020-06-03 20:00:00;16.70837000000006;16.31456515698816
2020-06-03 21:00:00;15.91700000000003;16.297747222222352
2020-06-03 22:00:00;15.491750000000025;16.197172222222303
2020-06-03 23:00:00;15.164850000000001;15.438919444444576
2020-06-04 00:00:00;14.874660000000006;15.25194444444459
2020-06-04 01:00:00;14.34292000000005;14.667119444444394
2020-06-04 02:00:00;13.867580000000032;14.187697222222084
2020-06-04 03:00:00;13.99893000000003;13.796266666666913
2020-06-04 04:00:00;13.78466000000003;13.570402777778089
2020-06-04 05:00:00;14.498620000000017;14.033947222222256
2020-06-04 06:00:00;14.438320000000033;15.155155555555625
2020-06-04 07:00:00;15.67306000000002;16.571222222222346
2020-06-04 08:00:00;16.75033000000002;18.33621561544891
2020-06-04 09:00:00;17.73010000000005;19.443736111111114
2020-06-04 10:00:00;16.693100000000015;20.137586111111048
2020-06-04 11:00:00;16.2937;17.528391666666966
2020-06-04 12:00:00;17.032650000000046;15.52076944444482
2020-06-04 13:00:00;16.655400000000043;14.9227361111114
2020-06-04 14:00:00;16.41613000000001;14.649511111111405
2020-06-04 15:00:00;17.060600000000022;15.130536111111445
2020-06-04 16:00:00;17.11465000000004;15.552561111111586
2020-06-04 17:00:00;14.906550000000038;14.45398444012231
2020-06-04 18:00:00;14.50015000000002;13.749949986107788
2020-06-04 19:00:00;13.234739999999988;13.264788888889015
2020-06-04 20:00:00;12.358600000000024;12.72475277777798
2020-06-04 21:00:00;11.817100000000039;12.491969444444967
2020-06-04 22:00:00;11.547799999999995;12.352902777778189
2020-06-04 23:00:00;11.217070000000035;12.158188888889086
2020-06-05 00:00:00;10.842980000000011;12.088508333333635
2020-06-05 01:00:00;10.36474000000004;11.700433333333775
2020-06-05 02:00:00;10.119650000000036;10.66118611111143
2020-06-05 03:00:00;9.714170000000024;10.320738888889363
2020-06-05 04:00:00;9.75594000000001;10.337486111111684
2020-06-05 05:00:00;10.045900000000017;10.502863888889411
2020-06-05 06:00:00;10.466150000000027;11.076072222222574
2020-06-05 07:00:00;11.343600000000038;11.911144444444762
2020-06-05 08:00:00;12.270170000000064;12.826355555555756
2020-06-05 09:00:00;13.009180000000015;13.366838888889193
2020-06-05 10:00:00;13.805570000000046;13.827947222222368
2020-06-05 11:00:00;15.05486000000002;15.623561111111393
2020-06-05 12:00:00;16.07340000000005;16.99736871353178
2020-06-05 13:00:00;17.212950000000035;17.237966666666807
2020-06-05 14:00:00;17.63662000000005;17.054450000000216
2020-06-05 15:00:00;16.23535000000004;16.655069444444912
2020-06-05 16:00:00;12.194500000000005;15.492705555555878
2020-06-05 17:00:00;12.612900000000025;11.149547222222472
2020-06-05 18:00:00;11.405880000000025;10.562833333333689
2020-06-05 19:00:00;11.035270000000025;10.037075000000248
2020-06-05 20:00:00;11.009970000000067;9.874036111111069
2020-06-05 21:00:00;9.986350000000016;9.725608333333275
2020-06-05 22:00:00;9.00216000000006;9.18197500000001
2020-06-05 23:00:00;8.661580000000015;9.009086111110934
2020-06-06 00:00:00;7.787770000000023;8.922236111110937
2020-06-06 01:00:00;7.549800000000005;8.463166666666764
2020-06-06 02:00:00;7.329600000000028;8.095549999999786
2020-06-06 03:00:00;7.008540000000039;7.969761111110837
2020-06-06 04:00:00;7.147100000000023;8.209658333333337
2020-06-06 05:00:00;8.20010000000002;9.007204779105326
2020-06-06 06:00:00;8.774000000000058;9.878111111110757
2020-06-06 07:00:00;10.202500000000043;11.309033333333234
2020-06-06 08:00:00;12.115079999999978;12.611633333333211
2020-06-06 09:00:00;13.788870000000031;14.305458333333107
2020-06-06 10:00:00;15.398600000000044;15.026052777777648
2020-06-06 11:00:00;16.762050000000045;15.742202777777717
2020-06-06 12:00:00;16.44192000000004;15.518391666666483
2020-06-06 13:00:00;16.1259;15.345438888888738
2020-06-06 14:00:00;16.16876000000002;15.743399999999951
2020-06-06 15:00:00;16.23610000000002;14.632186111110942
2020-06-06 16:00:00;15.510770000000036;13.694124999999874
2020-06-06 17:00:00;13.742580000000032;13.115041666666446
2020-06-06 18:00:00;13.550350000000037;12.77257222222214
2020-06-06 19:00:00;12.878100000000018;11.589144444444456
2020-06-06 20:00:00;12.24720000000002;11.288158333333303
2020-06-06 21:00:00;11.571799999999996;11.718466666666313
2020-06-06 22:00:00;11.307240000000036;10.821894444444306
2020-06-06 23:00:00;11.06695000000002;9.98170555555531
2020-06-07 00:00:00;10.182639999999992;9.457521533759277
2020-06-07 01:00:00;9.627800000000036;8.864561111110758
2020-06-07 02:00:00;9.447050000000047;8.226102777777315
2020-06-07 03:00:00;9.06466000000006;8.727949999999371
2020-06-07 04:00:00;8.660300000000007;9.739336111110568
2020-06-07 05:00:00;9.579499999999996;10.696738888888515
2020-06-07 06:00:00;11.190580000000011;12.537677777777231
2020-06-07 07:00:00;13.388970000000029;13.447824999999401
2020-06-07 08:00:00;14.018799999999999;14.229019444443766
2020-06-07 09:00:00;13.835000000000036;15.328880555555155
2020-06-07 10:00:00;14.913929999999993;15.708663888888413
2020-06-07 11:00:00;15.023680000000013;16.002852777777278
2020-06-07 12:00:00;16.60930000000002;16.899319444443925
2020-06-07 13:00:00;18.49640000000005;16.62459999999947
2020-06-07 14:00:00;18.241539999999986;16.593983333333007
2020-06-07 15:00:00;17.639860000000056;14.230161111110569
2020-06-07 16:00:00;16.33340000000004;14.967577777777294
2020-06-07 17:00:00;16.069450000000018;15.486686111110572
2020-06-07 18:00:00;15.360529999999983;15.45555833333278
2020-06-07 19:00:00;13.82107000000002;14.714516666666164
2020-06-07 20:00:00;12.126550000000009;13.436660183383806
2020-06-07 21:00:00;12.117150000000038;13.420744444443967
2020-06-07 22:00:00;11.291250000000048;13.234783333332803
2020-06-07 23:00:00;10.890920000000051;12.097322222221846
2020-06-08 00:00:00;10.925320000000056;12.336791666666405
2020-06-08 01:00:00;10.207760000000007;11.398802777777505
2020-06-08 02:00:00;9.854179999999985;11.348863888888411
2020-06-08 03:00:00;10.405939999999987;11.86074166666675
2020-06-08 04:00:00;10.702300000000037;12.176913888889002
2020-06-08 05:00:00;11.546470000000056;12.85258611111058
2020-06-08 06:00:00;12.37797999999998;13.98916666666609
2020-06-08 07:00:00;13.85790000000003;14.72776111111053
2020-06-08 08:00:00;15.142020000000059;15.800866666666007
2020-06-08 09:00:00;14.813350000000014;15.761433333332796
2020-06-08 10:00:00;15.322660000000042;16.55096388888863
2020-06-08 11:00:00;16.052970000000016;17.851444444444052
2020-06-08 12:00:00;17.664539999999988;18.648705555555086
2020-06-08 13:00:00;18.748130000000003;17.56898055555509
2020-06-08 14:00:00;19.37438000000003;18.315586111110772
2020-06-08 15:00:00;18.24194;16.800119444443748
2020-06-08 16:00:00;18.004170000000045;16.153867741038766
2020-06-08 17:00:00;17.136680000000013;16.180830555555037
2020-06-08 18:00:00;15.73818;16.31199722222175
2020-06-08 19:00:00;14.889920000000018;15.911552777777194
2020-06-08 20:00:00;13.660200000000032;14.820208333332687
2020-06-08 21:00:00;12.992270000000019;14.682877777777252
2020-06-08 22:00:00;12.175400000000025;14.445699999999466
2020-06-08 23:00:00;11.830900000000042;13.517513888888285
2020-06-09 00:00:00;10.86205000000001;12.51826111111067
2020-06-09 01:00:00;10.289179999999988;11.733236111110509
2020-06-09 02:00:00;9.851679999999988;11.644555555554952
2020-06-09 03:00:00;9.793540000000007;11.29071111111082
2020-06-09 04:00:00;9.889550000000042;11.112963888888322
2020-06-09 05:00:00;10.30170000000004;11.087908333332868
2020-06-09 06:00:00;11.050100000000043;12.5053888888885
2020-06-09 07:00:00;12.89703000000003;14.584974999999465
2020-06-09 08:00:00;14.763900000000035;15.531849999999366
2020-06-09 09:00:00;16.32098000000002;16.32689722222169
2020-06-09 10:00:00;17.558040000000005;16.98321388888826
2020-06-09 11:00:00;18.721249999999998;17.521902777777154
2020-06-09 12:00:00;19.64285000000001;18.759980550152193
2020-06-09 13:00:00;19.757780000000025;18.629930555555056
2020-06-09 14:00:00;19.569600000000037;19.583611111110212
2020-06-09 15:00:00;19.606070000000045;19.68956944444353
2020-06-09 16:00:00;18.380029999999977;19.526166666665922
2020-06-09 17:00:00;17.900800000000004;18.68233611111043
2020-06-09 18:00:00;16.874720000000025;17.793638888888246
2020-06-09 19:00:00;15.596220000000017;17.146030555554663
2020-06-09 20:00:00;14.270840000000021;16.49576944444408
2020-06-09 21:00:00;13.687370000000044;15.697908333332627
2020-06-09 22:00:00;12.932240000000036;14.992641666666108
2020-06-09 23:00:00;12.30883;14.525955555554798
2020-06-10 00:00:00;12.20315000000005;14.146863888888268
2020-06-10 01:00:00;11.888420000000053;13.781136111110744
2020-06-10 02:00:00;11.734800000000007;13.448191666666016
2020-06-10 03:00:00;12.083030000000008;13.300105555554698
2020-06-10 04:00:00;12.10555000000005;13.25613888888785
2020-06-10 05:00:00;12.44817999999998;13.785591666666159
2020-06-10 06:00:00;13.13357000000002;14.706377777777035
2020-06-10 07:00:00;14.270620000000065;15.859580555554974
2020-06-10 08:00:00;15.662300000000016;17.072449999999414
2020-06-10 09:00:00;16.705220000000054;17.980225062516773
2020-06-10 10:00:00;18.212030000000027;18.96266666666603
2020-06-10 11:00:00;19.510130000000004;19.71531944444364
2020-06-10 12:00:00;20.274470000000065;20.87744999999907
2020-06-10 13:00:00;20.707330000000013;21.683936111110448
2020-06-10 14:00:00;20.252440000000036;22.08990833333248
2020-06-10 15:00:00;20.032429999999977;21.04350555555472
2020-06-10 16:00:00;19.23052000000007;20.185988888887998
2020-06-10 17:00:00;18.50290000000001;19.608783333332678
2020-06-10 18:00:00;17.692380000000014;18.584924999999327
2020-06-10 19:00:00;16.389729999999986;18.09551666666622
2020-06-10 20:00:00;15.361350000000016;17.400516666666437
2020-06-10 21:00:00;14.403740000000028;16.922724999999645
2020-06-10 22:00:00;14.169849999999997;15.82533611111043
2020-06-10 23:00:00;14.130270000000053;16.042233333332927
2020-06-11 00:00:00;13.623900000000049;15.722399999999414
2020-06-11 01:00:00;13.303100000000029;15.38879444444411
2020-06-11 02:00:00;13.23290000000003;15.269658333333087
2020-06-11 03:00:00;13.055080000000032;14.963713888888185
2020-06-11 04:00:00;13.112300000000005;14.167802777777293
2020-06-11 05:00:00;13.335379999999986;14.290624999999403
2020-06-11 06:00:00;13.86196000000001;14.455808333332946
2020-06-11 07:00:00;13.852000000000032;14.552956376770457
2020-06-11 08:00:00;14.269949999999994;14.75195833333298
2020-06-11 09:00:00;14.277920000000051;14.939802777777293
2020-06-11 10:00:00;14.362239999999986;15.091427777777279
2020-06-11 11:00:00;14.46523000000002;15.331233333332925
2020-06-11 12:00:00;14.835050000000024;15.87258055555516
2020-06-11 13:00:00;15.185050000000047;16.14733888888829
2020-06-11 14:00:00;14.795620000000042;16.80856666666631
2020-06-11 15:00:00;14.997979999999984;17.211388888888614
2020-06-11 16:00:00;15.251100000000008;17.668697222221624
2020-06-11 17:00:00;15.073239999999998;17.743819444443897
2020-06-11 18:00:00;14.83970000000005;17.812399999999542
2020-06-11 19:00:00;14.867150000000038;17.30357499999968
2020-06-11 20:00:00;14.571100000000001;16.665019444444102
2020-06-11 21:00:00;14.599940000000004;15.76404166666623
2020-06-11 22:00:00;14.418970000000058;15.449836111111026
2020-06-11 23:00:00;14.31510000000003;15.34699166666625
2020-06-12 00:00:00;14.391529999999989;15.217461111110795
2020-06-12 01:00:00;14.356070000000045;14.998919444443793
2020-06-12 02:00:00;14.278830000000028;14.650008333332845
2020-06-12 03:00:00;14.042320000000018;14.550769872150399
2020-06-12 04:00:00;14.143100000000004;14.60331480966872
2020-06-12 05:00:00;14.464380000000006;14.96780555555516
2020-06-12 06:00:00;15.116629999999986;15.957127777777467
2020-06-12 07:00:00;16.34612000000004;16.257458333333062
2020-06-12 08:00:00;17.036520000000053;16.567694444444097
2020-06-12 09:00:00;19.637699999999995;17.2195361111107
2020-06-12 10:00:00;21.383140000000026;17.921558333332857
2020-06-12 11:00:00;22.85073;19.48061388888816
2020-06-12 12:00:00;23.22344000000004;20.69973068955239
2020-06-12 13:00:00;24.403250000000014;22.674713888888217
2020-06-12 14:00:00;24.626599999999996;23.51783055555461
2020-06-12 15:00:00;24.87396000000001;23.345432064461907
2020-06-12 16:00:00;24.62924000000004;23.58672777777749
2020-06-12 17:00:00;24.007560000000012;23.27295277777728
2020-06-12 18:00:00;21.046400000000006;21.587219444443434
2020-06-12 19:00:00;19.279840000000036;20.053780555554763
2020-06-12 20:00:00;18.189320000000066;18.766558333332625
2020-06-12 21:00:00;17.744620000000054;17.323333333332073
2020-06-12 22:00:00;17.03280000000001;17.167952777776787
2020-06-12 23:00:00;16.610960000000034;17.14320277777684
2020-06-13 00:00:00;16.324029999999993;17.082152777776795
2020-06-13 01:00:00;16.274350000000027;16.922386111110374
2020-06-13 02:00:00;16.208979999999997;16.538591666665972
2020-06-13 03:00:00;15.525350000000003;16.215302777776824
2020-06-13 04:00:00;15.423200000000008;15.714758333332114
2020-06-13 05:00:00;15.781820000000039;15.694630555554587
2020-06-13 06:00:00;17.128629999999987;16.064813888887805
2020-06-13 07:00:00;18.635550000000023;16.57885277777698
2020-06-13 08:00:00;19.57770000000005;17.204988888887957
2020-06-13 09:00:00;18.261160000000018;18.395866666665775
2020-06-13 10:00:00;19.90643;19.18030833333234
2020-06-13 11:00:00;20.908040000000028;18.46891666666585
2020-06-13 12:00:00;22.873040000000003;18.42961111111014
2020-06-13 13:00:00;22.140950000000032;20.280766666665283
2020-06-13 14:00:00;22.106400000000008;20.85582383995416
2020-06-13 15:00:00;21.320150000000012;21.06758333333214
2020-06-13 16:00:00;21.09304000000003;20.614247222220946
2020-06-13 17:00:00;20.623829999999998;19.734358333331944
2020-06-13 18:00:00;20.396500000000003;18.657330555554783
2020-06-13 19:00:00;19.62017000000003;18.858499999999164
2020-06-13 20:00:00;18.172750000000008;18.170997222221306
2020-06-13 21:00:00;15.880240000000015;17.92500833333238
2020-06-13 22:00:00;15.68670000000003;17.758155555554612
2020-06-13 23:00:00;15.394650000000013;16.858180555554846
2020-06-14 00:00:00;15.208920000000035;16.027469444443454
2020-06-14 01:00:00;14.755730000000028;15.648355555554524
2020-06-14 02:00:00;14.50347000000005;15.564630555554675
2020-06-14 03:00:00;15.027220000000057;15.634713888888207
2020-06-14 04:00:00;15.034000000000049;15.89077777777676
2020-06-14 05:00:00;15.08080000000001;16.05643333333216
2020-06-14 06:00:00;15.467520000000036;15.992477777776736
2020-06-14 07:00:00;15.983970000000056;16.598266666665925
2020-06-14 08:00:00;16.265829999999994;16.953338888888368
2020-06-14 09:00:00;16.457850000000008;17.05584444444322
2020-06-14 10:00:00;17.59405000000004;17.31794444444359
2020-06-14 11:00:00;19.059349999999995;17.530099999999283
2020-06-14 12:00:00;19.43374;18.73480133370312
2020-06-14 13:00:00;20.38647000000003;19.993605555555114
2020-06-14 14:00:00;21.34023000000002;20.776313888888033
2020-06-14 15:00:00;20.019980000000032;21.30258333333282
2020-06-14 16:00:00;20.89825000000002;21.589644444443692
2020-06-14 17:00:00;20.715750000000014;21.417199999999227
2020-06-14 18:00:00;19.129820000000052;20.41974166666616
2020-06-14 19:00:00;17.515250000000037;19.2043944444439
2020-06-14 20:00:00;16.458799999999997;17.95227222222135
2020-06-14 21:00:00;15.510580000000004;17.10118333333232
2020-06-14 22:00:00;14.478570000000047;16.296008333332512
2020-06-14 23:00:00;13.50314000000003;15.135919444443813
2020-06-15 00:00:00;12.961820000000046;14.57558611110996
2020-06-15 01:00:00;12.068320000000028;13.959894444443677
2020-06-15 02:00:00;11.36447000000004;13.1573527777769
2020-06-15 03:00:00;10.683900000000051;12.768486111110521
2020-06-15 04:00:00;10.740170000000035;13.14756111111012
2020-06-15 05:00:00;11.722100000000012;14.357158333332562
2020-06-15 06:00:00;13.350000000000023;15.973449999999199
2020-06-15 07:00:00;15.225099999999998;18.14786607390864
2020-06-15 08:00:00;16.965840000000014;18.815765490413078
2020-06-15 09:00:00;18.548180000000002;19.9371408724636
2020-06-15 10:00:00;20.146720000000016;21.252609058070504
2020-06-15 11:00:00;21.263480000000015;23.10414999999897
2020-06-15 12:00:00;22.17662999999999;23.256974999999066
2020-06-15 13:00:00;22.582820000000027;23.978372222221108
2020-06-15 14:00:00;23.18664000000001;23.968272222221273
2020-06-15 15:00:00;22.903700000000015;24.154577777776844
2020-06-15 16:00:00;21.602960000000053;23.49308888888801
2020-06-15 17:00:00;20.35244;22.869891666665612
2020-06-15 18:00:00;18.98490000000004;22.138658333332096
2020-06-15 19:00:00;17.843700000000013;20.714144444443214
2020-06-15 20:00:00;16.679930000000013;18.93889166666566
2020-06-15 21:00:00;15.522970000000043;17.055124999999173
2020-06-15 22:00:00;15.446529999999996;15.688147222221346
2020-06-15 23:00:00;15.091820000000041;14.849183333332494
2020-06-16 00:00:00;13.948080000000004;14.78796666666584
2020-06-16 01:00:00;13.460570000000018;14.417977777776663
2020-06-16 02:00:00;12.966120000000046;13.67172777777669
2020-06-16 03:00:00;12.362630000000024;12.686216666665663
2020-06-16 04:00:00;12.08562999999998;12.875455555554463
2020-06-16 05:00:00;13.186939999999993;14.469138888888006
2020-06-16 06:00:00;14.58444000000003;17.361442067240052
2020-06-16 07:00:00;16.475060000000042;20.088224999998946
2020-06-16 08:00:00;18.62927000000002;21.15217222222086
2020-06-16 09:00:00;20.852170000000058;22.29828611111012
2020-06-16 10:00:00;22.77505000000002;23.405672222221288
2020-06-16 11:00:00;24.589440000000025;24.193408333332247
2020-06-16 12:00:00;24.577229999999986;25.346674999999138
2020-06-16 13:00:00;25.00164000000001;25.075938888888007
2020-06-16 14:00:00;25.505060000000014;25.524927777776842
2020-06-16 15:00:00;24.62910000000005;25.453997222221204
2020-06-16 16:00:00;24.27570000000003;25.069286111111
2020-06-16 17:00:00;23.22415000000001;25.056302777777482
2020-06-16 18:00:00;21.979360000000042;24.672288888888197
2020-06-16 19:00:00;20.44738000000001;23.063022222221075
2020-06-16 20:00:00;18.656370000000038;20.015305555554463
2020-06-16 21:00:00;18.207300000000032;17.899149999998862
2020-06-16 22:00:00;17.743130000000008;16.85382222222095
2020-06-16 23:00:00;17.28665000000001;16.019230555554213
2020-06-17 00:00:00;15.802639999999997;15.406238888887653
2020-06-17 01:00:00;15.28958;14.760161111109975
2020-06-17 02:00:00;15.058470000000057;14.41148611110959
2020-06-17 03:00:00;15.166280000000029;14.035012503471801
2020-06-17 04:00:00;15.548550000000034;14.106476799109476
2020-06-17 05:00:00;16.476950000000045;15.79591137123636
2020-06-17 06:00:00;17.46276000000006;18.61996664813664
2020-06-17 07:00:00;19.174770000000024;21.881808333332142
2020-06-17 08:00:00;21.363640000000032;23.041716666665543
2020-06-17 09:00:00;22.90258;24.023588888887573
2020-06-17 10:00:00;24.491700000000037;25.002947222221465
2020-06-17 11:00:00;25.487450000000024;26.390449999998797
2020-06-17 12:00:00;26.434050000000013;27.099997222221017
2020-06-17 13:00:00;26.837429999999983;27.465211111109905
2020-06-17 14:00:00;27.02860000000004;27.86776388888782
2020-06-17 15:00:00;26.638400000000047;27.277361111109983
2020-06-17 16:00:00;25.80627000000004;26.384811111109748
2020-06-17 17:00:00;24.368899999999996;25.802569444443346
2020-06-17 18:00:00;22.445920000000058;25.22336944444352
2020-06-17 19:00:00;20.18398000000002;23.92157499999878
2020-06-17 20:00:00;17.977930000000015;22.223172222220935
2020-06-17 21:00:00;16.943750000000023;20.802608333331925
2020-06-17 22:00:00;16.438379999999995;19.88582222222113
2020-06-17 23:00:00;15.729150000000004;18.93434166666567
2020-06-18 00:00:00;15.293080000000032;18.364369444443323
2020-06-18 01:00:00;14.478660000000048;17.463220338982065
2020-06-18 02:00:00;14.013420000000053;16.71201111111028
2020-06-18 03:00:00;13.389670000000024;16.099933333332473
2020-06-18 04:00:00;13.787070000000028;16.028852777776883
2020-06-18 05:00:00;14.70962000000003;16.858336111110233
2020-06-18 06:00:00;16.204770000000053;18.15028611111011
2020-06-18 07:00:00;17.83140000000003;20.091788888887752
2020-06-18 08:00:00;19.321950000000015;21.15563055555431
2020-06-18 09:00:00;21.41744;22.49834166666561
2020-06-18 10:00:00;22.86352000000005;23.815919444443463
2020-06-18 11:00:00;23.948080000000004;25.35663611111007
2020-06-18 12:00:00;24.5471;25.96208055555431
2020-06-18 13:00:00;25.28896000000003;26.08454444444337
2020-06-18 14:00:00;25.000670000000014;25.077597222221073
2020-06-18 15:00:00;23.85850000000005;23.202108333332184
2020-06-18 16:00:00;23.68383;19.85756111111017
2020-06-18 17:00:00;22.54833000000002;20.00176388888761
2020-06-18 18:00:00;21.642479999999978;20.112286111109555
2020-06-18 19:00:00;20.137200000000007;19.88507499999857
2020-06-18 20:00:00;20.06940000000003;19.69348333333195
2020-06-18 21:00:00;18.48947000000004;19.55686666666527
2020-06-18 22:00:00;17.86162999999999;18.86198333333216
2020-06-18 23:00:00;17.367850000000033;18.493792720198666
2020-06-19 00:00:00;16.623470000000054;18.29199166666568
2020-06-19 01:00:00;16.422329999999988;17.840983333332204
2020-06-19 02:00:00;16.244600000000048;17.582894444443642
2020-06-19 03:00:00;16.06850000000003;17.30508333333257
2020-06-19 04:00:00;15.995970000000057;17.179916666665758
2020-06-19 05:00:00;15.976130000000012;16.81039722222152
2020-06-19 06:00:00;15.92470000000003;16.544969444443822
2020-06-19 07:00:00;16.464229999999986;16.787824999999227
2020-06-19 08:00:00;16.75057000000004;17.335877777776748
2020-06-19 09:00:00;17.405500000000018;17.729524999999235
2020-06-19 10:00:00;17.78594000000004;18.269258333332754
2020-06-19 11:00:00;18.76714000000004;18.9936361111101
2020-06-19 12:00:00;17.71487000000002;19.502263888888017
2020-06-19 13:00:00;18.494680000000017;19.08184999999917
2020-06-19 14:00:00;20.32098000000002;19.299147222221226
2020-06-19 15:00:00;18.87927000000002;19.350649999998968
2020-06-19 16:00:00;18.63810000000001;19.702588888888066
2020-06-19 17:00:00;18.189800000000048;19.598113888887845
2020-06-19 18:00:00;17.835320000000024;19.132602777776754
2020-06-19 19:00:00;17.157560000000046;18.628905555554468
2020-06-19 20:00:00;16.349270000000047;18.101633333332405
2020-06-19 21:00:00;15.298580000000015;17.49795833333235
2020-06-19 22:00:00;14.642330000000015;17.01412892470001
2020-06-19 23:00:00;14.214440000000025;16.640255555554813
2020-06-20 00:00:00;14.316100000000006;16.263024999999143
2020-06-20 01:00:00;13.839780000000019;16.00353888888804
2020-06-20 02:00:00;13.229270000000042;15.658058333332162
2020-06-20 03:00:00;13.085900000000038;15.605294444443365
2020-06-20 04:00:00;13.384420000000034;15.777549999998856
2020-06-20 05:00:00;13.958300000000008;16.289038888888033
2020-06-20 06:00:00;15.295999999999992;16.747199999999065
2020-06-20 07:00:00;16.92715000000004;17.478474999999104
2020-06-20 08:00:00;18.398680000000013;18.07585555555474
2020-06-20 09:00:00;18.28567000000004;19.000083333332373
2020-06-20 10:00:00;19.34384;19.93248333333248
2020-06-20 11:00:00;19.681670000000054;20.498872222221188
2020-06-20 12:00:00;20.075429999999983;21.33512777777678
2020-06-20 13:00:00;20.20263;22.88204166666592
2020-06-20 14:00:00;20.317740000000015;22.696916666665878
2020-06-20 15:00:00;20.051320000000032;22.56010555555478
2020-06-20 16:00:00;19.43566000000004;22.149599999999257
2020-06-20 17:00:00;18.682100000000048;21.126072222220934
2020-06-20 18:00:00;18.004170000000045;20.23931388888773
2020-06-20 19:00:00;17.128530000000012;19.12924444444338
2020-06-20 20:00:00;16.15136000000001;18.025301472630574
2020-06-20 21:00:00;15.03185000000002;17.010608333332588
2020-06-20 22:00:00;14.35662000000002;16.223113888888406
2020-06-20 23:00:00;13.552500000000009;15.6448194444437
2020-06-21 00:00:00;12.931020000000046;15.139322222221649
2020-06-21 01:00:00;12.561179999999979;14.738249999999356
2020-06-21 02:00:00;12.250500000000045;14.134452777777117
2020-06-21 03:00:00;12.288170000000036;13.448702777777214
2020-06-21 04:00:00;12.265340000000037;14.050408333332665
2020-06-21 05:00:00;12.856100000000026;15.362499999999374
2020-06-21 06:00:00;13.63900000000001;16.28321944444388
2020-06-21 07:00:00;15.295999999999992;16.97578055555483
2020-06-21 08:00:00;17.560970000000054;18.03190886357262
2020-06-21 09:00:00;19.73720000000003;19.76738611111023
2020-06-21 10:00:00;21.041679999999985;21.054288888887925
2020-06-21 11:00:00;22.17935;22.50902499999935
2020-06-21 12:00:00;22.751030000000014;23.32798333333252
2020-06-21 13:00:00;23.239400000000046;24.361083333332477
2020-06-21 14:00:00;24.381500000000017;25.0462444444437
2020-06-21 15:00:00;24.54490000000004;24.982197222221533
2020-06-21 16:00:00;24.215779999999995;24.283137854362568
2020-06-21 17:00:00;23.392100000000028;24.10274166666574
2020-06-21 18:00:00;22.64440000000002;23.75271111111013
2020-06-21 19:00:00;20.87620000000004;21.607344444443655
2020-06-21 20:00:00;18.52180000000004;19.52303888888817
2020-06-21 21:00:00;17.222650000000044;18.438291666666004
2020-06-21 22:00:00;16.618980000000022;17.934627777777077
2020-06-21 23:00:00;16.351950000000045;18.712149999999088
2020-06-22 00:00:00;16.17180000000002;18.546316666666428
2020-06-22 01:00:00;16.076099999999997;18.106283333332946
2020-06-22 02:00:00;16.01278000000002;17.76186944444397
2020-06-22 03:00:00;15.919950000000028;17.331352777777308
2020-06-22 04:00:00;15.792100000000005;17.102199999999396
2020-06-22 05:00:00;16.166830000000004;17.35151111111056
2020-06-22 06:00:00;16.711600000000033;18.17919444444396
2020-06-22 07:00:00;18.00448;19.209811111110586
2020-06-22 08:00:00;19.579860000000053;19.94940962761065
2020-06-22 09:00:00;20.92446000000001;20.674095582105444
2020-06-22 10:00:00;22.242430000000013;21.597105555554904
2020-06-22 11:00:00;23.284050000000036;22.96584444444385
2020-06-22 12:00:00;24.269920000000013;23.55371666666597
2020-06-22 13:00:00;23.53552000000002;23.79789444444375
2020-06-22 14:00:00;23.241800000000012;23.75870555555485
2020-06-22 15:00:00;23.37900000000002;23.43196666666613
2020-06-22 16:00:00;21.734550000000013;22.71640277777733
2020-06-22 17:00:00;20.45610000000005;22.414230555554965
2020-06-22 18:00:00;19.37277000000006;21.83986388888828
2020-06-22 19:00:00;18.180630000000008;20.5578194444438
2020-06-22 20:00:00;16.32552000000004;19.4953694444441
2020-06-22 21:00:00;14.374570000000062;18.428919444444087
2020-06-22 22:00:00;13.325829999999996;17.49290277777738
2020-06-22 23:00:00;12.600460000000055;16.633947222221956
2020-06-23 00:00:00;12.27860000000004;15.486099999999732
2020-06-23 01:00:00;11.61850000000004;14.722736111110844
2020-06-23 02:00:00;11.029629999999997;14.206177777777373
2020-06-23 03:00:00;10.762800000000027;12.850958333332796
2020-06-23 04:00:00;10.89724000000001;12.926394444444046
2020-06-23 05:00:00;11.815330000000017;14.872877777777335
2020-06-23 06:00:00;13.966270000000065;16.931911111110715
2020-06-23 07:00:00;16.208860000000016;18.84527646568467
2020-06-23 08:00:00;18.344229999999982;19.54779722222197
2020-06-23 09:00:00;20.023460000000057;20.428658333333065
2020-06-23 10:00:00;21.209900000000005;21.57692222222191
2020-06-23 11:00:00;22.21395000000001;23.083952777777572
2020-06-23 12:00:00;22.971900000000005;23.796061111110703
2020-06-23 13:00:00;23.913630000000012;24.267819444443997
2020-06-23 14:00:00;23.982799999999997;24.62221944444427
2020-06-23 15:00:00;23.919820000000016;24.714586111111068
2020-06-23 16:00:00;23.48995000000002;24.22512499999932
2020-06-23 17:00:00;22.829279999999983;24.11933055555501
2020-06-23 18:00:00;21.927880000000016;23.90942499999956
2020-06-23 19:00:00;20.328700000000026;23.012519444444102
2020-06-23 20:00:00;17.875760000000014;21.324402777777266
2020-06-23 21:00:00;16.54302000000007;19.678719444444297
2020-06-23 22:00:00;15.554280000000006;17.950547222222106
2020-06-23 23:00:00;14.8091;16.562963888888785
2020-06-24 00:00:00;13.964720000000057;15.667855555555382
2020-06-24 01:00:00;13.841180000000008;14.981038888889007
2020-06-24 02:00:00;14.227930000000015;14.565611111110988
2020-06-24 03:00:00;13.513270000000034;14.195933333333194
2020-06-24 04:00:00;13.408560000000023;14.469947222222071
2020-06-24 05:00:00;14.15396000000004;16.3987774381772
2020-06-24 06:00:00;15.758399999999995;18.49564166666659
2020-06-24 07:00:00;17.903129999999976;20.877219444444094
2020-06-24 08:00:00;20.180380000000014;21.8935666666664
2020-06-24 09:00:00;22.03370000000001;22.863427777777733
2020-06-24 10:00:00;23.47622000000007;23.96429444444396
2020-06-24 11:00:00;24.517240000000015;25.294636111110965
2020-06-24 12:00:00;24.856160000000045;26.33084999999988
2020-06-24 13:00:00;25.501700000000028;26.459816666666786
2020-06-24 14:00:00;25.979000000000042;26.793374999999827
2020-06-24 15:00:00;25.13472999999999;26.644233333333272
2020-06-24 16:00:00;24.354640000000018;25.713791666666612
2020-06-24 17:00:00;22.895650000000046;25.320280555555268
2020-06-24 18:00:00;21.801230000000032;24.25109444444384
2020-06-24 19:00:00;20.23678000000001;22.493116666666225
2020-06-24 20:00:00;18.60214000000002;20.960791666666342
2020-06-24 21:00:00;17.434500000000014;20.080222222221987
2020-06-24 22:00:00;16.75542999999999;19.640272222221554
2020-06-24 23:00:00;16.572699999999998;19.403991666666524
2020-06-25 00:00:00;15.130800000000022;18.595272222222224
2020-06-25 01:00:00;14.876179999999977;17.771091666666752
2020-06-25 02:00:00;14.436500000000024;16.831305918310367
2020-06-25 03:00:00;14.269980000000032;16.30644999999999
2020-06-25 04:00:00;15.00542999999999;16.830202777777714
2020-06-25 05:00:00;15.897520000000043;18.268974999999898
2020-06-25 06:00:00;17.528400000000033;19.986194444444138
2020-06-25 07:00:00;19.538260000000037;22.071438888888633
2020-06-25 08:00:00;20.41628000000003;23.733863888888532
2020-06-25 09:00:00;23.201840000000004;24.50253055555537
2020-06-25 10:00:00;23.60552000000007;24.76303888888888
2020-06-25 11:00:00;25.832570000000032;25.87285277777773
2020-06-25 12:00:00;26.837820000000022;27.392758333333227
2020-06-25 13:00:00;27.05236000000002;27.4753833333332
2020-06-25 14:00:00;25.872060000000033;27.919461111110945
2020-06-25 15:00:00;26.220270000000028;28.076563888888675
2020-06-25 16:00:00;26.38085000000001;26.36460555555542
2020-06-25 17:00:00;25.682729999999992;24.808636111110967
2020-06-25 18:00:00;25.115049999999997;24.890094444444138
2020-06-25 19:00:00;23.47845000000001;24.063591666666394
2020-06-25 20:00:00;21.759820000000047;23.220027777777485
2020-06-25 21:00:00;20.10820000000001;22.469966666666604
2020-06-25 22:00:00;19.429220000000043;21.8682777777776
2020-06-25 23:00:00;18.70458000000002;21.339580555554832
2020-06-26 00:00:00;17.790279999999996;20.337265907196148
2020-06-26 01:00:00;17.191220000000044;19.3456499999996
2020-06-26 02:00:00;16.45123000000001;18.83360833333275
2020-06-26 03:00:00;15.722900000000038;17.859558333333396
2020-06-26 04:00:00;15.701700000000017;17.799652777777816
2020-06-26 05:00:00;16.696920000000034;19.405100000000147
2020-06-26 06:00:00;18.432240000000036;21.61727777777781
2020-06-26 07:00:00;20.729300000000023;24.13704722222223
2020-06-26 08:00:00;22.98815000000002;25.37928055555565
2020-06-26 09:00:00;25.327800000000025;26.265944444444763
2020-06-26 10:00:00;26.953640000000007;27.337275000000115
2020-06-26 11:00:00;27.658529999999985;28.550080555555645
2020-06-26 12:00:00;28.556179999999983;29.064216666666713
2020-06-26 13:00:00;28.557100000000048;29.673188888888888
2020-06-26 14:00:00;28.874779999999987;30.045719444444497
2020-06-26 15:00:00;28.898830000000032;29.715027777777852
2020-06-26 16:00:00;27.808560000000057;29.177077777777985
2020-06-26 17:00:00;27.55590000000001;28.99653888888893
2020-06-26 18:00:00;26.01690000000002;27.422008333333643
2020-06-26 19:00:00;24.51830000000001;26.34205056960293
2020-06-26 20:00:00;23.232020000000034;25.332369444444772
2020-06-26 21:00:00;21.721670000000017;24.11229444444439
2020-06-26 22:00:00;20.84280000000001;23.151177777777878
2020-06-26 23:00:00;19.97234000000003;21.963411111110826
2020-06-27 00:00:00;19.39807000000002;21.195527777777613
2020-06-27 01:00:00;18.99799999999999;19.8620833333331
2020-06-27 02:00:00;18.749720000000025;19.42360555555565
2020-06-27 03:00:00;18.661460000000034;18.85117500000032
2020-06-27 04:00:00;18.73275000000001;19.14749722222225
2020-06-27 05:00:00;19.26430000000005;19.976947222222268
2020-06-27 06:00:00;19.992580000000032;21.814161111111193
2020-06-27 07:00:00;21.806020000000046;23.95560277777775
2020-06-27 08:00:00;24.082730000000026;25.877766666666865
2020-06-27 09:00:00;25.85513000000003;27.317377777777907
2020-06-27 10:00:00;27.090170000000057;28.397825000000392
2020-06-27 11:00:00;28.507650000000012;29.73550277777781
2020-06-27 12:00:00;27.442440000000033;28.983191666666798
2020-06-27 13:00:00;26.247130000000027;28.138427777777988
2020-06-27 14:00:00;26.638179999999977;29.25450277777796
2020-06-27 15:00:00;27.1764;25.553433333333427
2020-06-27 16:00:00;21.306179999999983;23.86687968880226
2020-06-27 17:00:00;21.728300000000047;25.560397332592625
2020-06-27 18:00:00;23.120020000000068;25.645163888889105
2020-06-27 19:00:00;22.548429999999996;22.95222499999995
2020-06-27 20:00:00;20.847680000000025;19.286480555555595
2020-06-27 21:00:00;21.079700000000003;18.64041388888869
2020-06-27 22:00:00;20.488120000000038;18.565883333333552
2020-06-27 23:00:00;20.13620000000003;18.267013888889498
2020-06-28 00:00:00;20.14020000000005;18.05948055555617
2020-06-28 01:00:00;19.90945000000005;18.08735000000072
2020-06-28 02:00:00;19.597800000000007;17.824880555556373
2020-06-28 03:00:00;18.873560000000055;17.274488888889543
2020-06-28 04:00:00;18.690500000000043;17.409700000000598
2020-06-28 05:00:00;19.02290000000005;18.008455555556328
2020-06-28 06:00:00;18.522520000000043;18.740225000000734
2020-06-28 07:00:00;18.795900000000017;19.147863888889944
2020-06-28 08:00:00;18.442800000000034;20.058713888889827
2020-06-28 09:00:00;18.945670000000064;18.629975000001156
2020-06-28 10:00:00;19.54400000000004;18.18038611111223
2020-06-28 11:00:00;19.360070000000064;18.45184166666744
2020-06-28 12:00:00;19.301750000000027;19.019880555556306
2020-06-28 13:00:00;19.47320000000002;19.919458333333964
2020-06-28 14:00:00;20.844929999999977;19.782580555556194
2020-06-28 15:00:00;20.98586000000006;21.24063350930861
2020-06-28 16:00:00;21.799900000000036;20.87669722222272
2020-06-28 17:00:00;20.68768;20.766208333333548
2020-06-28 18:00:00;20.0394;20.621788888889398
2020-06-28 19:00:00;19.005100000000027;19.73773611111184
2020-06-28 20:00:00;18.230950000000007;17.746133333333827
2020-06-28 21:00:00;17.160799999999995;16.298380555556406
2020-06-28 22:00:00;15.544340000000034;15.006947222222975
2020-06-28 23:00:00;15.026100000000042;14.137769444445274
2020-06-29 00:00:00;13.689999999999998;13.845080555556267
2020-06-29 01:00:00;13.004420000000039;13.40726111111206
2020-06-29 02:00:00;12.703939999999989;13.109038888889446
2020-06-29 03:00:00;13.05880000000002;12.855450000000973
2020-06-29 04:00:00;13.372400000000027;13.35593888888975
2020-06-29 05:00:00;14.21810000000005;14.709650000000828
2020-06-29 06:00:00;15.55260000000004;17.001827777778654
2020-06-29 07:00:00;16.632679999999993;18.977516666667405
2020-06-29 08:00:00;17.85513000000003;19.72215555555625
2020-06-29 09:00:00;20.36880000000002;20.885966666667205
2020-06-29 10:00:00;20.660420000000045;21.666597222223157
2020-06-29 11:00:00;20.974420000000066;21.827722222223183
2020-06-29 12:00:00;20.88787000000002;21.479280555556574
2020-06-29 13:00:00;21.29495000000003;21.485098638511413
2020-06-29 14:00:00;21.69726000000003;21.53514722222304
2020-06-29 15:00:00;22.60360000000003;22.00686388888983
2020-06-29 16:00:00;22.078579999999988;21.393241666667485
2020-06-29 17:00:00;19.69440000000003;21.21588055555593
2020-06-29 18:00:00;18.35050000000001;20.32754722222286
2020-06-29 19:00:00;17.32012000000003;19.452913888889512
2020-06-29 20:00:00;16.808600000000013;18.64434166666747
2020-06-29 21:00:00;16.309500000000014;17.809458333334288
2020-06-29 22:00:00;15.688070000000039;17.172108333334087
2020-06-29 23:00:00;14.976280000000031;17.351922222223145
2020-06-30 00:00:00;14.867060000000038;16.893597222222766
2020-06-30 01:00:00;14.60012000000006;16.39120000000097
2020-06-30 02:00:00;14.635429999999985;16.091158333334263
2020-06-30 03:00:00;14.133200000000045;15.6700611111119
2020-06-30 04:00:00;13.415900000000022;15.25010833333411
2020-06-30 05:00:00;13.365499999999997;15.150477777778347
2020-06-30 06:00:00;13.672000000000025;15.389041666667216
2020-06-30 07:00:00;13.83053000000001;16.11495277777864
2020-06-30 08:00:00;14.646479999999997;15.895936111111943
2020-06-30 09:00:00;15.074700000000007;15.94931666666754
2020-06-30 10:00:00;14.517539999999997;15.874905555556266
2020-06-30 11:00:00;15.254140000000007;16.236162823007426
2020-06-30 12:00:00;16.20553000000001;16.107972222223125
2020-06-30 13:00:00;16.129660000000058;16.600288888889995
2020-06-30 14:00:00;16.794700000000034;16.998355555555648
2020-06-30 15:00:00;18.292660000000012;17.16213333333419
2020-06-30 16:00:00;18.12910000000005;15.497338888889615
2020-06-30 17:00:00;17.430999999999983;15.773275000000785
2020-06-30 18:00:00;16.916380000000004;16.568758333334394
2020-06-30 19:00:00;16.789000000000044;16.844266666667373
2020-06-30 20:00:00;16.189800000000048;16.399977777778613
2020-06-30 21:00:00;15.751800000000003;15.651408333334238
2020-06-30 22:00:00;15.562130000000025;14.554944444445452
2020-06-30 23:00:00;15.244230000000016;13.513605555556412
2020-07-01 00:00:00;14.942620000000034;13.146933333334166
2020-07-01 01:00:00;14.800470000000018;13.533161111111811
2020-07-01 02:00:00;14.772820000000024;13.499527777778738
2020-07-01 03:00:00;14.822260000000028;13.505813888889847
2020-07-01 04:00:00;14.748470000000054;13.729188888889716
2020-07-01 05:00:00;15.307800000000043;14.250944444445413
2020-07-01 06:00:00;16.486199999999997;14.982038888889804
2020-07-01 07:00:00;17.600180000000023;16.208266666667566
2020-07-01 08:00:00;18.412800000000004;16.659374826341512
2020-07-01 09:00:00;19.200679999999977;17.5362527777787
2020-07-01 10:00:00;19.060450000000003;18.531172222223052
2020-07-01 11:00:00;18.260550000000023;19.14716388888979
2020-07-01 12:00:00;19.14916000000005;19.370386111112
2020-07-01 13:00:00;19.00237000000004;19.17927777777878
2020-07-01 14:00:00;19.422420000000045;20.338361111111794
2020-07-01 15:00:00;19.313620000000014;19.308783333334176
2020-07-01 16:00:00;20.51090000000005;18.677897222223066
2020-07-01 17:00:00;20.17960000000005;19.064302777778753
2020-07-01 18:00:00;18.329949999999997;18.89140833333436
2020-07-01 19:00:00;17.91067000000004;17.717713888889875
2020-07-01 20:00:00;17.486260000000016;17.037400000000215
2020-07-01 21:00:00;17.19198;16.347286111112112
2020-07-01 22:00:00;16.746730000000014;15.956175000001009
2020-07-01 23:00:00;16.249870000000044;15.071522222223141
2020-07-02 00:00:00;15.767899999999997;14.242022222223152
2020-07-02 01:00:00;15.88226000000003;14.51935833333436
2020-07-02 02:00:00;15.537320000000022;14.311377777778814
2020-07-02 03:00:00;14.826439999999991;14.630377777778834
2020-07-02 04:00:00;14.995139999999992;14.977752777778425
2020-07-02 05:00:00;15.244400000000041;14.870172270075985
2020-07-02 06:00:00;15.810450000000003;14.761075000000933
2020-07-02 07:00:00;15.464350000000024;15.336772222223024
2020-07-02 08:00:00;17.337429999999983;15.948244444445185
2020-07-02 09:00:00;18.219400000000007;16.971977777778612
2020-07-02 10:00:00;18.647760000000005;17.482958333334366
2020-07-02 11:00:00;18.817620000000034;17.722138888889898
2020-07-02 12:00:00;19.98565000000002;18.720116666667725
2020-07-02 13:00:00;19.771299999999997;19.430611111112093
2020-07-02 14:00:00;20.378700000000038;16.956472222223567
2020-07-02 15:00:00;21.65798000000001;16.585527777778946
2020-07-02 16:00:00;21.74896000000001;16.222961111112486
2020-07-02 17:00:00;16.60244;16.511580555556687
2020-07-02 18:00:00;17.354730000000018;16.413136111112426
2020-07-02 19:00:00;16.980600000000038;16.078505555557033
2020-07-02 20:00:00;16.278770000000065;15.892119444445695
2020-07-02 21:00:00;16.134100000000046;15.963816666668027
2020-07-02 22:00:00;15.765340000000037;15.662291666667725
2020-07-02 23:00:00;15.627370000000042;14.927480555556722
2020-07-03 00:00:00;15.47453999999999;14.418100000001367
2020-07-03 01:00:00;15.536070000000052;14.175405555556686
2020-07-03 02:00:00;15.250900000000001;14.187474298417332
2020-07-03 03:00:00;14.062040000000025;14.261119444445608
2020-07-03 04:00:00;13.918000000000006;14.307622222223346
2020-07-03 05:00:00;14.274070000000052;14.374186111112412
2020-07-03 06:00:00;14.71374000000003;14.83822222222363
2020-07-03 07:00:00;15.360040000000026;15.110327777778997
2020-07-03 08:00:00;16.004999999999995;15.856502777779042
2020-07-03 09:00:00;17.54970000000003;17.168977777778974
2020-07-03 10:00:00;19.032650000000046;17.717072222223496
2020-07-03 11:00:00;19.974270000000047;18.84425277777887
2020-07-03 12:00:00;21.26254;20.09655277777883
2020-07-03 13:00:00;21.405239999999992;19.97264722222346
2020-07-03 14:00:00;21.460530000000006;20.813561111112264
2020-07-03 15:00:00;20.11937999999998;20.224291666667842
2020-07-03 16:00:00;19.392360000000053;20.495180555556782
2020-07-03 17:00:00;18.342900000000043;19.35151388889037
2020-07-03 18:00:00;17.731040000000007;18.778313888890224
2020-07-03 19:00:00;17.162599999999998;18.32901111111257
2020-07-03 20:00:00;16.81564000000003;17.941911111112887
2020-07-03 21:00:00;16.645170000000064;17.684900000001722
2020-07-03 22:00:00;16.065940000000012;17.327377777779347
2020-07-03 23:00:00;15.750850000000014;16.78108888889051
2020-07-04 00:00:00;15.494230000000016;16.881158655183512
2020-07-04 01:00:00;15.45168000000001;16.863213888890446
2020-07-04 02:00:00;15.793360000000007;16.92686666666801
2020-07-04 03:00:00;15.531150000000025;16.821050000001517
2020-07-04 04:00:00;14.76687000000004;16.496219444446268
2020-07-04 05:00:00;14.443300000000022;15.126913888890462
2020-07-04 06:00:00;14.086900000000014;14.930727777779564
2020-07-04 07:00:00;14.395440000000008;15.585638888890445
2020-07-04 08:00:00;14.423550000000034;16.464322222224013
2020-07-04 09:00:00;14.53712999999999;17.0469833333343
2020-07-04 10:00:00;14.558679999999981;17.173841666667972
2020-07-04 11:00:00;14.73126000000002;17.482497222223884
2020-07-04 12:00:00;15.026820000000043;17.568797222223857
2020-07-04 13:00:00;15.327570000000037;18.044294444446017
2020-07-04 14:00:00;15.467370000000017;18.221355555557327
2020-07-04 15:00:00;15.316550000000007;17.871269444446327
2020-07-04 16:00:00;15.223500000000001;17.90327222222396
2020-07-04 17:00:00;15.134180000000015;17.979558333335028
2020-07-04 18:00:00;15.608150000000023;17.318586111112673
2020-07-04 19:00:00;15.80260000000004;17.370883333334934
2020-07-04 20:00:00;15.672799999999995;17.39355833333493
2020-07-04 21:00:00;15.730800000000045;17.21606666666827
2020-07-04 22:00:00;15.88784000000004;17.000586273966356
2020-07-04 23:00:00;15.90396000000004;16.994880555556662
2020-07-05 00:00:00;16.02227000000005;17.035552777778264
2020-07-05 01:00:00;16.09677000000005;17.25201944444601
2020-07-05 02:00:00;16.17294000000004;17.460019444446175
2020-07-05 03:00:00;16.274929999999983;17.494538888890528
2020-07-05 04:00:00;16.239599999999996;17.791266666668307
2020-07-05 05:00:00;16.379079999999988;17.857411111112953
2020-07-05 06:00:00;16.95700000000005;18.059319444446267
2020-07-05 07:00:00;17.067560000000014;18.34415000000215
2020-07-05 08:00:00;17.6216;18.460133333335435
2020-07-05 09:00:00;17.101740000000007;18.403527777779942
2020-07-05 10:00:00;17.031100000000038;18.11136666666896
2020-07-05 11:00:00;16.95956000000001;18.71922500000178
2020-07-05 12:00:00;16.72323;19.454375000001587
2020-07-05 13:00:00;20.173400000000015;20.785144444445784
2020-07-05 14:00:00;20.9615;21.761655555556843
2020-07-05 15:00:00;20.42434000000003;22.1156111111127
2020-07-05 16:00:00;20.139400000000023;21.844119444446058
2020-07-05 17:00:00;18.839800000000025;20.324727777779067
2020-07-05 18:00:00;17.67294000000004;19.02027500000146
2020-07-05 19:00:00;16.990660000000048;17.984203945542344
2020-07-05 20:00:00;15.998900000000049;16.934767991110476
2020-07-05 21:00:00;15.216940000000022;15.791183333335063
2020-07-05 22:00:00;14.998530000000017;15.599066666668598
2020-07-05 23:00:00;14.635030000000029;15.14891388889075
2020-07-06 00:00:00;13.609500000000025;13.928019444446369
2020-07-06 01:00:00;13.467280000000017;13.110802777779483
2020-07-06 02:00:00;14.285760000000039;13.328975000001869
2020-07-06 03:00:00;13.164100000000019;12.7185694444465
2020-07-06 04:00:00;13.247160000000008;12.018997222224465
2020-07-06 05:00:00;13.359700000000032;12.929413888890931
2020-07-06 06:00:00;13.924200000000042;14.190947222224104
2020-07-06 07:00:00;15.069180000000017;15.085252777779846
2020-07-06 08:00:00;16.28042000000005;15.75126388889076
2020-07-06 09:00:00;16.828300000000013;15.472838888890882
2020-07-06 10:00:00;18.318399999999997;13.097955555557597
2020-07-06 11:00:00;16.057150000000036;14.49170000000198
2020-07-06 12:00:00;17.95007000000004;17.051513888890725
2020-07-06 13:00:00;16.687460000000044;17.473988888890908
2020-07-06 14:00:00;17.698800000000006;16.504938888890948
2020-07-06 15:00:00;16.619560000000035;15.697259981715154
2020-07-06 16:00:00;16.393579999999986;16.561286111113375
2020-07-06 17:00:00;15.280700000000024;15.91036944444624
2020-07-06 18:00:00;14.778800000000047;15.688827777779426
2020-07-06 19:00:00;13.774650000000008;15.010025000002132
2020-07-06 20:00:00;12.943200000000047;14.498180555557346
2020-07-06 21:00:00;11.621030000000019;14.350344444446163
2020-07-06 22:00:00;10.934600000000046;13.770911111113195
2020-07-06 23:00:00;10.193480000000022;13.091433333335008
2020-07-07 00:00:00;10.075400000000002;12.656883333335335
2020-07-07 01:00:00;9.730220000000031;12.486561111113186
2020-07-07 02:00:00;9.411550000000034;12.154325000002197
2020-07-07 03:00:00;8.676170000000013;11.560330555557414
2020-07-07 04:00:00;8.566160000000025;11.745245901641471
2020-07-07 05:00:00;9.354399999999998;12.165913888891161
2020-07-07 06:00:00;11.075300000000027;13.347686111113047
2020-07-07 07:00:00;12.885700000000043;14.564175000002034
2020-07-07 08:00:00;14.695860000000039;15.446808333335163
2020-07-07 09:00:00;16.449880000000007;16.087419444446454
2020-07-07 10:00:00;16.292020000000036;17.25022222222411
2020-07-07 11:00:00;17.587820000000022;17.03040000000168
2020-07-07 12:00:00;17.26556000000005;18.518038888890928
2020-07-07 13:00:00;16.59523999999999;18.648758333335422
2020-07-07 14:00:00;16.95004;17.424952777780053
2020-07-07 15:00:00;14.637080000000026;13.750619444446773
2020-07-07 16:00:00;14.807299999999998;13.43086944444668
2020-07-07 17:00:00;15.027700000000038;14.064750000002036
2020-07-07 18:00:00;14.820580000000007;13.894583333335344
2020-07-07 19:00:00;14.113550000000032;13.820358333335426
2020-07-07 20:00:00;13.375879999999995;13.529016666669328
2020-07-07 21:00:00;12.18676000000005;13.342511111113508
2020-07-07 22:00:00;11.978750000000048;13.216652777779752
2020-07-07 23:00:00;11.775599999999997;13.028243956656768
2020-07-08 00:00:00;11.31967000000003;13.048661111113427
2020-07-08 01:00:00;11.206630000000018;12.780797443736455
2020-07-08 02:00:00;10.951750000000004;12.347594444446946
2020-07-08 03:00:00;10.687979999999982;11.970661111113793
2020-07-08 04:00:00;10.708979999999997;11.99823055555772
2020-07-08 05:00:00;10.972530000000006;12.442016666669057
2020-07-08 06:00:00;12.24938000000003;13.058022222224448
2020-07-08 07:00:00;13.564450000000022;14.147680555557725
2020-07-08 08:00:00;15.102039999999988;15.468269444446525
2020-07-08 09:00:00;15.50717000000003;15.983352777779992
2020-07-08 10:00:00;16.624570000000062;15.121247222224328
2020-07-08 11:00:00;16.122000000000014;16.601847222224073
2020-07-08 12:00:00;16.012900000000002;16.412952777780028
2020-07-08 13:00:00;16.35827000000006;16.491327777780164
2020-07-08 14:00:00;18.605500000000006;16.236830555557937
2020-07-08 15:00:00;16.926260000000013;16.828052777779966
2020-07-08 16:00:00;17.32333;16.822033333335604
2020-07-08 17:00:00;17.217070000000035;16.802125000002235
2020-07-08 18:00:00;16.396839999999997;16.583933333335526
2020-07-08 19:00:00;15.222960000000057;15.575208333335368
2020-07-08 20:00:00;13.869620000000054;14.799427618785154
2020-07-08 21:00:00;13.266900000000021;14.101458333335414
2020-07-08 22:00:00;12.494779999999992;13.406163888891168
2020-07-08 23:00:00;12.147600000000011;12.597336111113362
2020-07-09 00:00:00;12.153470000000027;11.532980555557769
2020-07-09 01:00:00;11.94738000000001;11.567497222224207
2020-07-09 02:00:00;11.525140000000022;11.62341111111338
2020-07-09 03:00:00;11.755179999999996;11.727500000002552
2020-07-09 04:00:00;11.568399999999997;11.972202777780314
2020-07-09 05:00:00;11.527250000000038;11.889269444446931
2020-07-09 06:00:00;11.96602999999999;11.385991666668744
2020-07-09 07:00:00;12.02328;11.385530555557681
2020-07-09 08:00:00;12.032160000000033;11.418455555557705
2020-07-09 09:00:00;11.93685000000005;11.615730555557695
2020-07-09 10:00:00;12.150100000000009;11.781905555557733
2020-07-09 11:00:00;12.511320000000069;12.027069444446877
2020-07-09 12:00:00;11.709160000000054;12.486397222224465
2020-07-09 13:00:00;11.635920000000056;13.199877777779895
2020-07-09 14:00:00;11.6019;13.395732147821267
2020-07-09 15:00:00;11.963200000000029;13.242455555557866
2020-07-09 16:00:00;11.902700000000038;13.51129722222444
2020-07-09 17:00:00;12.01275000000004;13.624069444446777
2020-07-09 18:00:00;11.816300000000012;13.543075000002325
2020-07-09 19:00:00;11.751179999999977;13.176097222224133
2020-07-09 20:00:00;11.79385000000002;12.971100000002194
2020-07-09 21:00:00;11.977779999999996;12.861730555557678
2020-07-09 22:00:00;11.992999999999995;12.809652777779588
2020-07-09 23:00:00;12.04200000000003;12.689219444446756
2020-07-10 00:00:00;11.861320000000035;12.721261111113295
2020-07-10 01:00:00;11.80734000000001;12.465086111113546
2020-07-10 02:00:00;11.736750000000029;12.419280555558307
2020-07-10 03:00:00;11.735830000000021;12.46190000000243
2020-07-10 04:00:00;11.710230000000024;12.520836111113189
2020-07-10 05:00:00;11.664850000000001;12.754575000002026
2020-07-10 06:00:00;11.694600000000037;13.013933333335618
2020-07-10 07:00:00;11.692350000000033;13.150086111112714
2020-07-10 08:00:00;12.095180000000028;13.073778827454188
2020-07-10 09:00:00;12.02355;13.013769444446531
2020-07-10 10:00:00;12.081720000000018;13.335038888891027
2020-07-10 11:00:00;12.319450000000018;13.601405555557976
2020-07-10 12:00:00;12.46365000000003;13.006516666668745
2020-07-10 13:00:00;12.072440000000029;13.705500000002074
2020-07-10 14:00:00;11.844420000000014;14.304497222224427
2020-07-10 15:00:00;14.200500000000034;14.396483333335686
2020-07-10 16:00:00;13.94160000000005;15.587550000002036
2020-07-10 17:00:00;13.612729999999999;15.03785833333577
2020-07-10 18:00:00;13.734120000000019;15.014922222224586
2020-07-10 19:00:00;12.538350000000037;14.438400000002261
2020-07-10 20:00:00;11.351370000000031;13.66712222222444
2020-07-10 21:00:00;10.34304000000003;13.306655555557592
2020-07-10 22:00:00;9.592700000000036;12.774361111113276
2020-07-10 23:00:00;9.208730000000003;12.153083333335704
2020-07-11 00:00:00;7.972100000000012;11.182569444446738
2020-07-11 01:00:00;8.54237999999998;10.522747222224485
2020-07-11 02:00:00;8.795830000000024;10.057786111113526
2020-07-11 03:00:00;9.15396000000004;10.0344762434033
2020-07-11 04:00:00;8.864430000000027;10.83318333333564
2020-07-11 05:00:00;9.63190000000003;10.973750000002482
2020-07-11 06:00:00;11.067440000000033;12.294769444446723
2020-07-11 07:00:00;12.679740000000038;14.201036111113313
2020-07-11 08:00:00;14.848170000000039;15.329680555557545
2020-07-11 09:00:00;15.997950000000003;16.399291666669072
2020-07-11 10:00:00;15.75207000000006;15.856727777779836
2020-07-11 11:00:00;16.420000000000016;15.812263888891033
2020-07-11 12:00:00;17.4101;15.257711111113323
2020-07-11 13:00:00;17.240139999999997;14.463366666668954
2020-07-11 14:00:00;17.976980000000026;16.901566666668927
2020-07-11 15:00:00;17.10450000000003;17.94257222222452
2020-07-11 16:00:00;15.95684;17.79551666666893
2020-07-11 17:00:00;15.778920000000028;17.432136111113294
2020-07-11 18:00:00;15.289100000000019;16.844841666668927
2020-07-11 19:00:00;14.30328000000003;15.723013888891062
2020-07-11 20:00:00;12.829029999999989;14.77196944444679
2020-07-11 21:00:00;11.944420000000036;14.068416666668773
2020-07-11 22:00:00;11.28448000000003;13.365675000002332
2020-07-11 23:00:00;10.652600000000007;11.845607113089327
2020-07-12 00:00:00;9.835080000000005;11.342672222224374
2020-07-12 01:00:00;9.276200000000017;11.111555555557887
2020-07-12 02:00:00;8.758200000000045;10.440627777780144
2020-07-12 03:00:00;8.175350000000037;10.085972222224717
2020-07-12 04:00:00;8.228079999999977;10.26003888889115
2020-07-12 05:00:00;8.843350000000044;12.257583333335704
2020-07-12 06:00:00;10.706020000000024;13.527722222224456
2020-07-12 07:00:00;12.809840000000008;14.842072222224527
2020-07-12 08:00:00;14.916220000000067;15.688291666668867
2020-07-12 09:00:00;16.656240000000025;16.86106388889105
2020-07-12 10:00:00;17.92568;17.92758888889112
2020-07-12 11:00:00;17.64443;19.332569444446513
2020-07-12 12:00:00;17.571500000000015;19.227575000002037
2020-07-12 13:00:00;18.008020000000045;18.412130555558065
2020-07-12 14:00:00;16.99404000000004;18.663130555558066
2020-07-12 15:00:00;17.196740000000034;18.79782222222404
2020-07-12 16:00:00;17.16597999999999;18.71120833333525
2020-07-12 17:00:00;16.84740000000005;18.68918055555732
2020-07-12 18:00:00;15.82763;18.46732981383929
2020-07-12 19:00:00;14.709040000000016;17.132319444446633
2020-07-12 20:00:00;13.239160000000027;15.76467222222449
2020-07-12 21:00:00;11.888400000000047;14.368016666668888
2020-07-12 22:00:00;11.29534000000001;13.101172222224381
2020-07-12 23:00:00;10.700500000000034;12.365886111113467
2020-07-13 00:00:00;10.138800000000003;11.590613888891363
2020-07-13 01:00:00;9.719420000000014;10.79595000000229
2020-07-13 02:00:00;9.274500000000046;10.31841388889136
2020-07-13 03:00:00;9.277000000000044;9.980708333335855
2020-07-13 04:00:00;9.299300000000017;10.043800000002381
2020-07-13 05:00:00;10.054930000000013;11.237625000002367
2020-07-13 06:00:00;11.601560000000006;13.812358333335645
2020-07-13 07:00:00;13.62707000000006;16.18260555555776
2020-07-13 08:00:00;15.925040000000024;16.999647222224063
2020-07-13 09:00:00;17.964300000000037;17.745194444446682
2020-07-13 10:00:00;19.335530000000006;18.677111111113017
2020-07-13 11:00:00;20.18010000000004;19.31946944444607
2020-07-13 12:00:00;21.32818000000003;20.28215555555709
2020-07-13 13:00:00;20.911040000000014;
2020-07-13 14:00:00;22.11984000000001;21.920916666668266
2020-07-13 15:00:00;22.141930000000002;21.821511111112827
2020-07-13 16:00:00;21.337429999999983;21.43428888889052
2020-07-13 17:00:00;20.329340000000002;21.214138888890485
2020-07-13 18:00:00;18.991800000000012;20.316805555557128
2020-07-13 19:00:00;17.275800000000004;19.800994444446022
2020-07-13 20:00:00;15.812100000000044;18.42117777777945
2020-07-13 21:00:00;14.323420000000056;17.062816666668322
2020-07-13 22:00:00;13.619070000000022;16.524869444446338
2020-07-13 23:00:00;12.958250000000021;15.072841666668527
2020-07-14 00:00:00;12.391779999999983;13.868222222224047
2020-07-14 01:00:00;11.447839999999985;13.161264240068386
2020-07-14 02:00:00;11.297720000000027;12.535511395221537
2020-07-14 03:00:00;11.252200000000016;11.969294444446858
2020-07-14 04:00:00;11.150960000000055;12.220758333335388
2020-07-14 05:00:00;12.19930000000005;13.823313888890715
2020-07-14 06:00:00;13.952360000000056;15.800141666668509
2020-07-14 07:00:00;15.78027000000003;17.235216666668595
2020-07-14 08:00:00;17.33325000000002;19.377141666668184
2020-07-14 09:00:00;18.948270000000036;20.49061388889015
2020-07-14 10:00:00;20.194060000000036;20.777633333334688
2020-07-14 11:00:00;19.319880000000012;19.513947222223607
2020-07-14 12:00:00;16.564020000000028;18.318663888890182
2020-07-14 13:00:00;16.378629999999987;18.43905277777895
2020-07-14 14:00:00;16.031200000000013;18.2803694444458
2020-07-14 15:00:00;16.48947000000004;17.79324444444582
2020-07-14 16:00:00;16.101530000000025;16.778675000001222
2020-07-14 17:00:00;15.959130000000016;15.724738888889886
2020-07-14 18:00:00;15.953700000000026;15.058372222223127
2020-07-14 19:00:00;15.670920000000024;14.582658333334846
2020-07-14 20:00:00;15.45422000000002;14.373738888890042
2020-07-14 21:00:00;14.750970000000052;14.20025006946486
2020-07-14 22:00:00;14.53230000000002;14.162272222223521
2020-07-14 23:00:00;14.237239999999986;14.289991666667854
2020-07-15 00:00:00;13.98153000000002;14.409447222223337
2020-07-15 01:00:00;13.705870000000061;14.256175000001347
2020-07-15 02:00:00;13.55883;14.122652777779233
2020-07-15 03:00:00;13.374660000000006;13.985672222223554
2020-07-15 04:00:00;13.43145000000004;14.295075000001287
2020-07-15 05:00:00;13.625760000000014;14.21579722222344
2020-07-15 06:00:00;14.749300000000005;14.637516666667922
2020-07-15 07:00:00;15.80197000000004;15.542488888890116
2020-07-15 08:00:00;17.143670000000043;16.77445000000109
2020-07-15 09:00:00;18.21893;17.612800000001315
2020-07-15 10:00:00;19.572630000000004;18.351838888890224
2020-07-15 11:00:00;19.410180000000025;19.10124722222337
2020-07-15 12:00:00;18.330620000000067;19.85364166666795
2020-07-15 13:00:00;19.56280000000004;18.399205555557423
2020-07-15 14:00:00;18.449460000000045;19.478166666667647
2020-07-15 15:00:00;19.16906000000006;19.325016666668
2020-07-15 16:00:00;17.46312999999998;19.312494444445647
2020-07-15 17:00:00;17.615560000000016;18.61001388889031
2020-07-15 18:00:00;16.912739999999985;18.181697222224344
2020-07-15 19:00:00;16.07480000000004;17.62701583773484
2020-07-15 20:00:00;15.40300000000002;17.000930555556796
2020-07-15 21:00:00;14.08850000000001;16.647802777779972
2020-07-15 22:00:00;13.821920000000034;15.932055555557618
2020-07-15 23:00:00;13.575460000000021;15.302394444446444
2020-07-16 00:00:00;13.233029999999985;15.08902777777958
2020-07-16 01:00:00;12.998160000000041;14.725563888891273
2020-07-16 02:00:00;12.732600000000048;14.379102777779842
2020-07-16 03:00:00;11.441160000000025;13.696972222224328
2020-07-16 04:00:00;10.934900000000027;13.818808333335426
2020-07-16 05:00:00;11.54060000000004;14.595994444446664
2020-07-16 06:00:00;13.152900000000045;15.316652777779884
2020-07-16 07:00:00;14.813070000000039;16.6961333333354
2020-07-16 08:00:00;16.555540000000008;17.466563888891088
2020-07-16 09:00:00;17.090779999999995;18.04541111111324
2020-07-16 10:00:00;18.975820000000056;18.780633333335214
2020-07-16 11:00:00;19.95983000000001;18.945872222224157
2020-07-16 12:00:00;18.622600000000034;19.990277777779774
2020-07-16 13:00:00;19.169200000000046;19.782819444446396
2020-07-16 14:00:00;19.373560000000055;20.72073888889082
2020-07-16 15:00:00;20.338300000000004;20.581008333335255
2020-07-16 16:00:00;20.327260000000024;19.75087802167478
2020-07-16 17:00:00;19.024530000000027;19.87940833333531
2020-07-16 18:00:00;18.649900000000002;19.285133333335462
2020-07-16 19:00:00;17.99612000000002;18.69855277777972
2020-07-16 20:00:00;16.676840000000027;17.737375000002338
2020-07-16 21:00:00;16.17190000000005;15.692558333335507
2020-07-16 22:00:00;15.580470000000048;14.200130555557756
2020-07-16 23:00:00;15.143670000000043;13.697036111113588
2020-07-17 00:00:00;14.289700000000039;13.52898333333585
2020-07-17 01:00:00;13.310500000000047;12.842752777779909
2020-07-17 02:00:00;12.66500000000002;12.409780555557955
2020-07-17 03:00:00;11.94722999999999;12.284261111113693
2020-07-17 04:00:00;10.991900000000044;12.035372222225025
2020-07-17 05:00:00;11.609700000000032;13.905411111113345
2020-07-17 06:00:00;13.185450000000003;15.967483333335524
2020-07-17 07:00:00;15.178429999999992;18.34259166666882
2020-07-17 08:00:00;17.655760000000043;19.171275000002012
2020-07-17 09:00:00;19.738460000000032;19.90187222222427
2020-07-17 10:00:00;21.056200000000047;20.879866666668327
2020-07-17 11:00:00;21.93870000000004;22.25351111111312
2020-07-17 12:00:00;22.86492000000004;22.80200611281116
2020-07-17 13:00:00;23.209040000000016;23.621813888890454
2020-07-17 14:00:00;23.67294000000004;23.685013888890577
2020-07-17 15:00:00;23.08812999999998;23.61275000000148
2020-07-17 16:00:00;22.56597000000005;22.72379166666875
2020-07-17 17:00:00;22.04777999999999;22.29222222222404
2020-07-17 18:00:00;20.95675;22.13334444444627
2020-07-17 19:00:00;19.248379999999997;20.735602777779086
2020-07-17 20:00:00;17.420620000000042;18.6359361111132
2020-07-17 21:00:00;16.821860000000015;16.979322222223924
2020-07-17 22:00:00;16.04427000000004;15.971444444446275
2020-07-17 23:00:00;15.317960000000028;15.074347222224185
2020-07-18 00:00:00;14.305080000000032;14.383916666668615
2020-07-18 01:00:00;14.02370000000002;13.722119444446387
2020-07-18 02:00:00;13.326600000000042;13.239205555557469
2020-07-18 03:00:00;13.309870000000046;13.05036666666867
2020-07-18 04:00:00;13.279440000000022;13.410936111113074
2020-07-18 05:00:00;13.940200000000004;14.895658333335554
2020-07-18 06:00:00;15.22195000000005;16.68216388889074
2020-07-18 07:00:00;17.267270000000053;18.962958333334967
2020-07-18 08:00:00;18.32128;20.732191666667926
2020-07-18 09:00:00;20.63522000000006;22.42257849402718
2020-07-18 10:00:00;22.790250000000015;23.58635555555665
2020-07-18 11:00:00;24.056020000000046;24.399994444445863
2020-07-18 12:00:00;24.25400000000002;25.255783333334797
2020-07-18 13:00:00;24.655730000000005;24.536832453460697
2020-07-18 14:00:00;25.105650000000026;24.846786111112674
2020-07-18 15:00:00;24.910270000000025;24.899630555557486
2020-07-18 16:00:00;24.991600000000005;24.502063888890376
2020-07-18 17:00:00;24.414420000000064;23.925355555556717
2020-07-18 18:00:00;23.542500000000018;23.10862777777913
2020-07-18 19:00:00;21.814320000000066;21.664675000001388
2020-07-18 20:00:00;20.387050000000045;20.25347500000116
2020-07-18 21:00:00;18.80590000000001;18.646447222224047
2020-07-18 22:00:00;18.217550000000017;17.637152777779765
2020-07-18 23:00:00;17.839300000000037;17.077791666668258
2020-07-19 00:00:00;16.935420000000022;16.511797222224374
2020-07-19 01:00:00;16.475400000000036;16.38321111111331
2020-07-19 02:00:00;16.335140000000024;16.144875000002028
2020-07-19 03:00:00;16.341120000000046;16.04620555555734
2020-07-19 04:00:00;16.335440000000006;16.459594444446694
2020-07-19 05:00:00;16.548520000000053;17.508766666668645
2020-07-19 06:00:00;17.441370000000063;18.44520700194695
2020-07-19 07:00:00;18.56940000000003;20.571094444445947
2020-07-19 08:00:00;19.26815000000005;22.74466666666828
2020-07-19 09:00:00;21.188560000000052;23.27774444444625
2020-07-19 10:00:00;22.717460000000017;25.24918055555741
2020-07-19 11:00:00;23.933700000000044;26.122438888890837
2020-07-19 12:00:00;22.504999999999995;25.705297222223876
2020-07-19 13:00:00;21.508050000000026;26.55773611111281
2020-07-19 14:00:00;22.238760000000013;25.41771388889096
2020-07-19 15:00:00;25.515530000000012;26.706680555557238
2020-07-19 16:00:00;25.668150000000026;24.197616666667862
2020-07-19 17:00:00;23.79836000000006;23.441144444445833
2020-07-19 18:00:00;21.93942000000004;22.060641666668268
2020-07-19 19:00:00;20.74505000000005;21.653111111112512
2020-07-19 20:00:00;19.511500000000012;20.960219444445762
2020-07-19 21:00:00;18.21905000000004;20.20945555555728
2020-07-19 22:00:00;17.723779999999977;19.38330555555721
2020-07-19 23:00:00;17.39337000000006;17.850250000002003
2020-07-20 00:00:00;16.40273000000002;17.714938888890877
2020-07-20 01:00:00;16.356899999999996;17.546413888890868
2020-07-20 02:00:00;16.135950000000037;17.6122472222243
2020-07-20 03:00:00;15.784050000000036;17.434663888891066
2020-07-20 04:00:00;15.884029999999996;16.889919422063763
2020-07-20 05:00:00;16.284100000000024;15.973833333335286
2020-07-20 06:00:00;14.440449999999998;14.907390941930359
2020-07-20 07:00:00;14.099199999999996;14.803894444446607
2020-07-20 08:00:00;14.508170000000064;15.859302777779709
2020-07-20 09:00:00;17.51652999999999;17.196058333335408
2020-07-20 10:00:00;19.146720000000016;17.932238888890932
2020-07-20 11:00:00;20.656000000000006;19.150025000001968
2020-07-20 12:00:00;19.763239999999996;19.998875000001647
2020-07-20 13:00:00;21.465840000000014;20.67306388889041
2020-07-20 14:00:00;20.379079999999988;20.40779166666838
2020-07-20 15:00:00;20.63463999999999;20.538244444446075
2020-07-20 16:00:00;19.96890000000002;19.69927500000181
2020-07-20 17:00:00;19.285030000000006;19.01831944444629
2020-07-20 18:00:00;17.653830000000028;18.56887500000198
2020-07-20 19:00:00;16.03985;17.273166666668295
2020-07-20 20:00:00;14.317600000000027;16.32588055555748
2020-07-20 21:00:00;13.265160000000037;15.57514722222398
2020-07-20 22:00:00;12.71523000000002;14.926450000001859
2020-07-20 23:00:00;12.26950000000005;14.258652777779716
2020-07-21 00:00:00;11.335440000000006;12.77643888889073
2020-07-21 01:00:00;10.817770000000053;12.11290358433108
2020-07-21 02:00:00;10.385860000000037;11.765983333335333
2020-07-21 03:00:00;9.812460000000044;11.769666666668787
2020-07-21 04:00:00;10.301420000000064;11.857544444446594
2020-07-21 05:00:00;11.140800000000013;12.881958333335245
2020-07-21 06:00:00;12.132380000000012;14.610863888890714
2020-07-21 07:00:00;14.25200000000001;16.327677777779623
2020-07-21 08:00:00;15.916860000000042;17.28159722222404
2020-07-21 09:00:00;17.765440000000012;17.516861111112934
2020-07-21 10:00:00;18.13778000000002;17.260886111112963
2020-07-21 11:00:00;17.65106000000003;17.487519444446338
2020-07-21 12:00:00;17.41020000000003;15.988000000001742
2020-07-21 13:00:00;19.576620000000048;16.95323333333519
2020-07-21 14:00:00;19.544460000000015;18.659933333335093
2020-07-21 15:00:00;19.741750000000025;18.558861111112765
2020-07-21 16:00:00;18.70580000000001;18.499808333335086
2020-07-21 17:00:00;18.39703000000003;18.345963888890992
2020-07-21 18:00:00;17.457820000000027;17.873186111112926
2020-07-21 19:00:00;15.989340000000027;16.746277777779394
2020-07-21 20:00:00;14.357570000000067;15.846930555557178
2020-07-21 21:00:00;12.615839999999992;15.322014448459392
2020-07-21 22:00:00;11.888450000000034;13.943369474564106
2020-07-21 23:00:00;11.249630000000025;12.868427777779374
2020-07-22 00:00:00;10.597440000000006;12.52008333333512
2020-07-22 01:00:00;10.211240000000032;12.02497222222423
2020-07-22 02:00:00;10.248400000000004;11.595977777779364
2020-07-22 03:00:00;9.613670000000013;11.310947222224288
2020-07-22 04:00:00;9.46655000000004;11.441513888890698
2020-07-22 05:00:00;10.343320000000062;12.502352777779569
2020-07-22 06:00:00;11.963099999999997;14.198683333335048
2020-07-22 07:00:00;13.803060000000016;15.364047222224116
2020-07-22 08:00:00;15.694500000000005;16.896022222223955
2020-07-22 09:00:00;17.74676000000005;17.33367500000148
2020-07-22 10:00:00;18.971370000000036;18.451836111113067
2020-07-22 11:00:00;19.336940000000027;17.295047222223857
2020-07-22 12:00:00;19.671470000000056;18.42970833333502
2020-07-22 13:00:00;21.077229999999986;19.658766666668296
2020-07-22 14:00:00;19.81660000000005;18.774722222223687
2020-07-22 15:00:00;20.100430000000017;19.17179444444602
2020-07-22 16:00:00;18.96900000000005;19.010069444446284
2020-07-22 17:00:00;18.173100000000034;18.67707777777969
2020-07-22 18:00:00;17.791250000000048;17.830041678245994
2020-07-22 19:00:00;16.660239999999988;17.060788888890823
2020-07-22 20:00:00;15.379420000000039;16.29476666666879
2020-07-22 21:00:00;13.902670000000057;15.660452777779556
2020-07-22 22:00:00;13.251100000000008;15.163358333335028
2020-07-22 23:00:00;12.85555000000005;14.77011944444648
2020-07-23 00:00:00;12.841240000000028;14.632619444446375
2020-07-23 01:00:00;12.365999999999985;14.472761111112796
2020-07-23 02:00:00;12.29403000000002;13.813172222224306
2020-07-23 03:00:00;12.427900000000022;13.497850000001785
2020-07-23 04:00:00;12.423729999999978;13.213241666667775
2020-07-23 05:00:00;12.774320000000046;13.494416666668586
2020-07-23 06:00:00;13.476620000000025;14.831486111113039
2020-07-23 07:00:00;14.963200000000029;16.223222222224006
2020-07-23 08:00:00;16.696740000000034;17.058694444446314
2020-07-23 09:00:00;18.206350000000043;17.72749166666861
2020-07-23 10:00:00;19.31030000000004;18.66657777777975
2020-07-23 11:00:00;19.84823;19.963822222224067
2020-07-23 12:00:00;21.46093000000002;20.800672222223767
2020-07-23 13:00:00;20.89413000000002;20.630293764989872
2020-07-23 14:00:00;19.86700000000002;21.35711666666809
2020-07-23 15:00:00;20.25;21.73000555555745
2020-07-23 16:00:00;19.429160000000024;21.835808333335113
2020-07-23 17:00:00;19.233000000000004;21.731372222223843
2020-07-23 18:00:00;19.94476000000003;20.70789722222411
2020-07-23 19:00:00;19.071600000000046;19.894111111112977
2020-07-23 20:00:00;18.327360000000056;19.033592664631136
2020-07-23 21:00:00;17.915400000000034;19.50258888889059
2020-07-23 22:00:00;17.54925000000003;19.04170277777968
2020-07-23 23:00:00;17.33770000000004;18.009127777779838
2020-07-24 00:00:00;17.19067000000007;17.248366666668502
2020-07-24 01:00:00;16.725850000000037;15.812702777779654
2020-07-24 02:00:00;16.78830000000005;15.543963888890678
2020-07-24 03:00:00;16.76537000000002;15.757577777779336
2020-07-24 04:00:00;16.342399999999998;15.60228611111306
2020-07-24 05:00:00;16.484920000000045;15.972469444446132
2020-07-24 06:00:00;16.80218000000002;17.250033333335303
2020-07-24 07:00:00;17.39453000000003;17.634411111113018
2020-07-24 08:00:00;17.000400000000013;17.46621388889061
2020-07-24 09:00:00;17.43646000000001;17.500827777779488
2020-07-24 10:00:00;17.89282000000003;18.47789444444616
2020-07-24 11:00:00;19.381460000000004;19.802616666668253
2020-07-24 12:00:00;20.27194000000003;20.3185527777793
2020-07-24 13:00:00;21.298520000000053;21.21887777777919
2020-07-24 14:00:00;22.20247999999998;21.964141666668205
2020-07-24 15:00:00;21.875120000000038;22.123850000001674
2020-07-24 16:00:00;21.671780000000012;21.36860555555686
2020-07-24 17:00:00;20.785180000000025;20.917963323146594
2020-07-24 18:00:00;19.11465000000004;19.922211725481024
2020-07-24 19:00:00;17.75030000000004;18.71791111111281
2020-07-24 20:00:00;16.144200000000012;17.97485277777984
2020-07-24 21:00:00;15.75060000000002;17.323019444446295
2020-07-24 22:00:00;14.551660000000027;16.758533333335212
2020-07-24 23:00:00;13.646479999999997;15.495547222224081
2020-07-25 00:00:00;13.489860000000022;14.639475000002005
2020-07-25 01:00:00;13.347920000000045;14.293708333335251
2020-07-25 02:00:00;13.46813000000003;13.667241666668787
2020-07-25 03:00:00;14.161100000000033;13.845213888891056
2020-07-25 04:00:00;14.287770000000023;14.734108333335113
2020-07-25 05:00:00;14.784629999999993;15.296708333335587
2020-07-25 06:00:00;15.781180000000006;16.152550000001973
2020-07-25 07:00:00;16.02233000000001;18.17348888889088
2020-07-25 08:00:00;17.88766000000004;19.322700000001603
2020-07-25 09:00:00;19.185100000000034;20.454452777779306
2020-07-25 10:00:00;21.022550000000024;20.89983055555692
2020-07-25 11:00:00;21.820520000000045;21.809991666668072
2020-07-25 12:00:00;23.442200000000014;22.351438888890762
2020-07-25 13:00:00;23.43950000000001;22.68886111111277
2020-07-25 14:00:00;23.399220000000014;22.930538888890638
2020-07-25 15:00:00;23.843740000000025;23.399858333335015
2020-07-25 16:00:00;23.162500000000023;22.787943873299827
2020-07-25 17:00:00;20.339000000000055;21.198227777779447
2020-07-25 18:00:00;19.27770000000004;18.646511111112847
2020-07-25 19:00:00;18.911500000000046;17.85538333333505
2020-07-25 20:00:00;18.278560000000027;17.455247222223974
2020-07-25 21:00:00;17.674950000000024;17.016016666668243
2020-07-25 22:00:00;17.544340000000034;17.035925000001175
2020-07-25 23:00:00;17.260370000000023;17.146108333335047
2020-07-26 00:00:00;17.429300000000012;17.123508333334886
2020-07-26 01:00:00;17.32552000000004;17.171097222223757
2020-07-26 02:00:00;17.538400000000024;17.521241666668445
2020-07-26 03:00:00;17.521100000000047;17.473500000001707
2020-07-26 04:00:00;17.14323999999999;16.835491666668492
2020-07-26 05:00:00;17.227000000000032;16.989541666668636
2020-07-26 06:00:00;16.744600000000048;16.971466666668793
2020-07-26 07:00:00;17.147970000000043;16.97450833333491
2020-07-26 08:00:00;17.34807999999998;17.010758333334813
2020-07-26 09:00:00;18.063600000000008;17.627816666668576
2020-07-26 10:00:00;19.045620000000042;19.19102500000178
2020-07-26 11:00:00;20.431200000000047;19.75720000000143
2020-07-26 12:00:00;21.05450000000002;21.55429444444592
2020-07-26 13:00:00;19.234980000000007;21.946882467353745
2020-07-26 14:00:00;21.038800000000037;22.82160555555737
2020-07-26 15:00:00;21.010920000000056;22.633150000001656
2020-07-26 16:00:00;20.02126000000004;20.39449722222369
2020-07-26 17:00:00;19.696920000000034;19.85844166666805
2020-07-26 18:00:00;18.014400000000023;19.79711666666812
2020-07-26 19:00:00;17.010000000000048;19.154052777779185
2020-07-26 20:00:00;16.17500000000001;18.32947500000139
2020-07-26 21:00:00;15.186640000000011;16.577875000001203
2020-07-26 22:00:00;14.395100000000014;15.022627777779073
2020-07-26 23:00:00;13.795100000000048;14.487280555557227
2020-07-27 00:00:00;13.288229999999999;14.465783333334914
2020-07-27 01:00:00;12.915370000000053;14.526022222223887
2020-07-27 02:00:00;12.911500000000046;14.408013888890373
2020-07-27 03:00:00;13.525660000000016;14.279080555556948
2020-07-27 04:00:00;12.812370000000044;14.148872222223472
2020-07-27 05:00:00;13.351740000000007;14.474008333334984
2020-07-27 06:00:00;14.380460000000028;15.596422222223392
2020-07-27 07:00:00;15.760199999999998;17.784383333334503
2020-07-27 08:00:00;17.555750000000046;18.97467777777872
2020-07-27 09:00:00;19.04903999999999;19.70470000000118
2020-07-27 10:00:00;21.059320000000014;20.20989441511625
2020-07-27 11:00:00;21.70138000000003;20.054133333334264
2020-07-27 12:00:00;21.83287999999999;20.44372777777892
2020-07-27 13:00:00;21.678830000000005;20.64977222222309
2020-07-27 14:00:00;20.69713999999999;20.102652777778676
2020-07-27 15:00:00;19.73254000000003;20.372800000001263
2020-07-27 16:00:00;18.959699999999998;19.076261111112046
2020-07-27 17:00:00;17.996550000000013;18.661447222223295
2020-07-27 18:00:00;17.56188000000003;18.421022222223392
2020-07-27 19:00:00;16.90264000000002;18.391977777778862
2020-07-27 20:00:00;16.520530000000008;18.70324444444548
2020-07-27 21:00:00;16.502220000000023;18.866313888890005
2020-07-27 22:00:00;15.964929999999981;18.79116388889024
2020-07-27 23:00:00;15.947260000000028;18.408391666667846
2020-07-28 00:00:00;17.087980000000016;17.974505555557197
2020-07-28 01:00:00;16.52096000000006;17.488363888890632
2020-07-28 02:00:00;15.94292999999999;16.727466666668306
2020-07-28 03:00:00;15.941579999999988;16.30102777777915
2020-07-28 04:00:00;16.692960000000028;17.897805555557202
2020-07-28 05:00:00;16.856960000000015;18.050708333334804
2020-07-28 06:00:00;17.350270000000023;18.63125833333471
2020-07-28 07:00:00;18.188170000000014;19.561241666668167
2020-07-28 08:00:00;19.709339999999997;18.830105555557008
2020-07-28 09:00:00;20.673640000000034;18.705987774382862
2020-07-28 10:00:00;19.594420000000014;18.917580555557088
2020-07-28 11:00:00;20.288479999999993;20.088288888890236
2020-07-28 12:00:00;21.418900000000008;21.013802777778835
2020-07-28 13:00:00;22.50857000000002;21.755050000001546
2020-07-28 14:00:00;22.61710000000005;22.32008888889041
2020-07-28 15:00:00;21.183920000000057;21.088672222223305
2020-07-28 16:00:00;20.767539999999997;20.341291666668038
2020-07-28 17:00:00;19.480650000000026;18.675947222223694
2020-07-28 18:00:00;18.489370000000065;18.945116666668287
2020-07-28 19:00:00;16.969960000000015;18.020111111113373
2020-07-28 20:00:00;16.40563000000003;17.243833333335527
2020-07-28 21:00:00;15.465700000000027;15.978461111113305
2020-07-28 22:00:00;14.47854000000001;15.371050000002143
2020-07-28 23:00:00;13.956320000000062;14.70565277778017
2020-07-29 00:00:00;12.83752000000004;14.484319444446587
2020-07-29 01:00:00;13.237000000000023;14.326147222224364
2020-07-29 02:00:00;13.256950000000018;14.75866666666924
2020-07-29 03:00:00;13.893430000000023;14.795075000002534
2020-07-29 04:00:00;13.177760000000035;15.059508333335149
2020-07-29 05:00:00;13.900779999999997;15.309991666668743
2020-07-29 06:00:00;14.632929999999988;15.901175326481773
2020-07-29 07:00:00;15.844300000000032;16.349008333335743
2020-07-29 08:00:00;16.516020000000026;17.44709722222446
2020-07-29 09:00:00;18.36732999999998;18.205466666669015
2020-07-29 10:00:00;19.91708;18.67585000000244
2020-07-29 11:00:00;20.406300000000044;18.54530833333531
2020-07-29 12:00:00;20.337060000000008;18.907669444446586
2020-07-29 13:00:00;21.610600000000034;19.415561111113178
2020-07-29 14:00:00;20.607170000000053;18.91317222222457
2020-07-29 15:00:00;20.53400000000005;18.522008333335464
2020-07-29 16:00:00;19.328030000000012;18.15773333333586
2020-07-29 17:00:00;18.211240000000032;17.713033333335947
2020-07-29 18:00:00;16.832670000000064;16.875883333335842
2020-07-29 19:00:00;15.736900000000048;16.678508333335778
2020-07-29 20:00:00;14.646100000000047;16.033013888891393
2020-07-29 21:00:00;14.012100000000032;15.939994444446981
2020-07-29 22:00:00;12.731929999999977;15.202813888891257
2020-07-29 23:00:00;11.780329999999992;14.615422222224733
2020-07-30 00:00:00;10.65447000000006;13.651297222224533
2020-07-30 01:00:00;10.179680000000019;13.38727222222475
2020-07-30 02:00:00;9.516500000000008;13.401947222224807
2020-07-30 03:00:00;8.764900000000011;12.630566824120233
2020-07-30 04:00:00;9.033440000000041;12.712872222224414
2020-07-30 05:00:00;9.306240000000003;13.156616666669178
2020-07-30 06:00:00;10.649470000000065;14.026297222224713
2020-07-30 07:00:00;13.16458;15.053644444446915
2020-07-30 08:00:00;15.744650000000036;16.527097222224512
2020-07-30 09:00:00;17.97878000000003;17.94074166666923
2020-07-30 10:00:00;19.280200000000036;18.77276388889097
2020-07-30 11:00:00;20.182500000000005;20.09917777777992
2020-07-30 12:00:00;21.301420000000064;20.112788888891195
2020-07-30 13:00:00;22.10930000000002;20.536772222224286
2020-07-30 14:00:00;21.963430000000017;19.754002777780038
2020-07-30 15:00:00;20.97670000000005;19.78262222222461
2020-07-30 16:00:00;19.823080000000004;19.780938888891125
2020-07-30 17:00:00;19.291500000000042;19.6357750000022
2020-07-30 18:00:00;18.40658000000002;19.077852777780077
2020-07-30 19:00:00;17.221100000000035;18.31941944444685
2020-07-30 20:00:00;16.189750000000004;16.81223333333559
2020-07-30 21:00:00;15.069180000000017;15.014902777780296
2020-07-30 22:00:00;14.697100000000034;14.209138888890882
2020-07-30 23:00:00;14.203850000000045;13.663911111113693
2020-07-31 00:00:00;14.516170000000045;13.412608333336234
2020-07-31 01:00:00;14.090100000000007;13.073531536540004
2020-07-31 02:00:00;13.819299999999998;12.759752777779706
2020-07-31 03:00:00;13.307700000000011;12.481916666669113
2020-07-31 04:00:00;13.055440000000033;12.309716666669136
2020-07-31 05:00:00;13.543270000000064;13.054808333335595
2020-07-31 06:00:00;14.430200000000013;15.42829444444676
2020-07-31 07:00:00;16.27800000000002;17.81954722222446
2020-07-31 08:00:00;18.552800000000047;19.23440555555759
2020-07-31 09:00:00;20.338430000000017;19.902363888890946
2020-07-31 10:00:00;21.861320000000035;21.04011388889066
2020-07-31 11:00:00;22.982170000000053;22.784311111113055
2020-07-31 12:00:00;24.339139999999986;24.18467500000196
2020-07-31 13:00:00;25.00192000000004;24.959875000002114
2020-07-31 14:00:00;25.281270000000063;25.972858333335687
2020-07-31 15:00:00;25.013850000000048;25.380430555557858
2020-07-31 16:00:00;24.42697000000004;24.51332500000208
2020-07-31 17:00:00;23.475760000000037;24.081633333334985
2020-07-31 18:00:00;22.484950000000026;24.032613888890673
2020-07-31 19:00:00;20.225670000000036;22.541458333335413
2020-07-31 20:00:00;18.339470000000063;21.372759099751736
2020-07-31 21:00:00;16.994470000000035;19.95592222222418
2020-07-31 22:00:00;16.095120000000065;18.847030555557676
2020-07-31 23:00:00;15.298100000000034;17.813327777780053
2020-08-01 00:00:00;14.526729999999986;16.834127777779848
2020-08-01 01:00:00;14.099050000000034;16.431222222224665
2020-08-01 02:00:00;13.759580000000028;15.695650000002168
2020-08-01 03:00:00;14.09962999999999;15.893797222224398
2020-08-01 04:00:00;13.97023999999999;15.725500000002134
2020-08-01 05:00:00;14.066500000000019;16.397547222224578
2020-08-01 06:00:00;15.655700000000024;18.01673611111332
2020-08-01 07:00:00;18.031060000000025;20.461327777779942
2020-08-01 08:00:00;20.14575000000002;22.160780555557746
2020-08-01 09:00:00;22.112400000000036;23.745844444446927
2020-08-01 10:00:00;24.371700000000033;25.62575277778023
2020-08-01 11:00:00;25.845200000000034;27.169597222224606
2020-08-01 12:00:00;27.419600000000003;26.572205555558053
2020-08-01 13:00:00;28.039030000000025;26.281269444446753
2020-08-01 14:00:00;27.51592000000005;24.38884722222485
2020-08-01 15:00:00;26.601830000000007;25.34129444444695
2020-08-01 16:00:00;26.073080000000004;26.875094444446894
2020-08-01 17:00:00;25.17552999999998;26.515919444446748
2020-08-01 18:00:00;24.709040000000016;25.206098916367804
2020-08-01 19:00:00;22.628700000000038;22.95388055555797
2020-08-01 20:00:00;21.60626000000002;22.021888888891358
2020-08-01 21:00:00;21.340660000000014;21.059708333335266
2020-08-01 22:00:00;20.639729999999986;20.426066666669023
2020-08-01 23:00:00;19.98653999999999;20.120891666668967
2020-08-02 00:00:00;19.012080000000026;19.932594444446497
2020-08-02 01:00:00;18.581230000000005;19.71597222222464
2020-08-02 02:00:00;18.489250000000027;18.96549722222459
2020-08-02 03:00:00;18.136220000000037;18.307447222224795
2020-08-02 04:00:00;17.40160000000003;17.696997222224642
2020-08-02 05:00:00;16.988670000000013;17.75618611111328
2020-08-02 06:00:00;17.37924000000004;17.868969444446872
2020-08-02 07:00:00;18.321529999999996;18.45625277778028
2020-08-02 08:00:00;19.62820000000005;19.203113888891025
2020-08-02 09:00:00;21.10522000000003;19.823255555557736
2020-08-02 10:00:00;21.984700000000032;20.45995277778004
2020-08-02 11:00:00;23.47836000000001;21.18295833333531
2020-08-02 12:00:00;23.882960000000026;22.292183333335696
2020-08-02 13:00:00;24.765950000000032;23.682416666668786
2020-08-02 14:00:00;25.303950000000043;24.08231388889093
2020-08-02 15:00:00;24.26827000000003;23.696463888890857
2020-08-02 16:00:00;23.156180000000006;19.401197222224337
2020-08-02 17:00:00;20.733420000000024;18.86738816338117
2020-08-02 18:00:00;18.89967999999999;18.72574444444655
2020-08-02 19:00:00;18.028920000000028;17.989022222224953
2020-08-02 20:00:00;17.43380000000002;17.016483333336392
2020-08-02 21:00:00;15.832030000000032;16.544719444447576
2020-08-02 22:00:00;15.078450000000032;16.074766666669632
2020-08-02 23:00:00;14.1447;15.51282222222508
2020-08-03 00:00:00;12.543540000000007;14.660441666669508
2020-08-03 01:00:00;11.952800000000025;14.082344444447358
2020-08-03 02:00:00;11.617970000000014;13.28959444444717
2020-08-03 03:00:00;11.225300000000004;12.973127777780798
2020-08-03 04:00:00;11.020700000000033;12.713933333336326
2020-08-03 05:00:00;11.359060000000056;13.606572222225052
2020-08-03 06:00:00;13.05880000000002;15.55443333333625
2020-08-03 07:00:00;15.506160000000023;16.71882777778081
2020-08-03 08:00:00;17.337820000000022;17.522777777780767
2020-08-03 09:00:00;18.98132000000004;18.230613888891785
2020-08-03 10:00:00;20.17285000000004;19.164619444447066
2020-08-03 11:00:00;20.758939999999996;19.59217222222499
2020-08-03 12:00:00;19.936360000000036;20.588727777780186
2020-08-03 13:00:00;21.294500000000028;21.314459335975968
2020-08-03 14:00:00;20.490660000000048;21.58983333333589
2020-08-03 15:00:00;19.535500000000013;21.16262500000248
2020-08-03 16:00:00;19.25157999999999;20.47194166666948
2020-08-03 17:00:00;19.001700000000028;20.16448333333597
2020-08-03 18:00:00;18.912930000000017;19.59972500000253
2020-08-03 19:00:00;17.661860000000047;18.08228055555845
2020-08-03 20:00:00;16.81800000000004;16.97945000000267
2020-08-03 21:00:00;15.844320000000039;16.215027777780794
2020-08-03 22:00:00;15.011439999999993;15.633550000002725
2020-08-03 23:00:00;13.963600000000042;15.042653514868288
2020-08-04 00:00:00;13.441700000000026;14.438291666669564
2020-08-04 01:00:00;12.689600000000041;13.876122222225211
2020-08-04 02:00:00;12.10784000000001;13.300116666669355
2020-08-04 03:00:00;10.854030000000023;13.043866666669539
2020-08-04 04:00:00;10.229760000000056;12.620422222225034
2020-08-04 05:00:00;10.50587999999999;12.846805555558376
2020-08-04 06:00:00;11.901940000000025;13.353836111114022
2020-08-04 07:00:00;13.995100000000036;15.225780555558313
2020-08-04 08:00:00;16.392479999999978;16.8810500000029
2020-08-04 09:00:00;18.002830000000017;18.02920833333621
2020-08-04 10:00:00;19.41903000000002;19.259458333336124
2020-08-04 11:00:00;20.869560000000035;20.766594444446934
2020-08-04 12:00:00;21.335260000000005;21.43217500000272
2020-08-04 13:00:00;22.163200000000018;21.66150277778047
2020-08-04 14:00:00;21.82412000000005;21.587402777780405
2020-08-04 15:00:00;21.406370000000038;20.46167500000258
2020-08-04 16:00:00;20.814540000000022;20.35708055555815
2020-08-04 17:00:00;20.239370000000065;19.972180555558246
2020-08-04 18:00:00;18.58710000000002;19.623802777780675
2020-08-04 19:00:00;17.049739999999986;18.33651111111409
2020-08-04 20:00:00;15.40118000000001;16.599791608783036
2020-08-04 21:00:00;14.420830000000024;15.191961111113924
2020-08-04 22:00:00;14.389760000000024;14.19187222222492
2020-08-04 23:00:00;13.58175;14.511522222225
2020-08-05 00:00:00;13.593770000000063;14.814597222225034
2020-08-05 01:00:00;13.563229999999976;14.929038888891986
2020-08-05 02:00:00;13.518329999999992;14.725113888891926
2020-08-05 03:00:00;13.883200000000045;14.68335277778074
2020-08-05 04:00:00;13.874840000000006;14.36801333704087
2020-08-05 05:00:00;14.163450000000012;14.375538888891706
2020-08-05 06:00:00;15.56295;15.361438888891781
2020-08-05 07:00:00;16.542400000000043;18.26695277778061
2020-08-05 08:00:00;19.807029999999997;21.17220277778018
2020-08-05 09:00:00;22.30038000000002;23.23342222222465
2020-08-05 10:00:00;24.139800000000037;24.620938888891484
2020-08-05 11:00:00;25.429039999999986;25.865883333336033
2020-08-05 12:00:00;26.520230000000026;26.9077222222248
2020-08-05 13:00:00;26.4923;27.75262777778033
2020-08-05 14:00:00;27.302940000000035;28.27215833333605
2020-08-05 15:00:00;27.19756000000001;27.607788274523315
2020-08-05 16:00:00;26.88485000000003;26.903811111113658
2020-08-05 17:00:00;26.126120000000014;25.900813888891612
2020-08-05 18:00:00;24.30074000000002;24.95214166666951
2020-08-05 19:00:00;22.939200000000028;22.76017222222488
2020-08-05 20:00:00;21.603200000000015;20.48804444444686
2020-08-05 21:00:00;20.025540000000035;19.184850000002704
2020-08-05 22:00:00;18.43190000000004;18.28720833333597
2020-08-05 23:00:00;17.87032000000005;17.627550000002557
2020-08-06 00:00:00;17.28140000000002;16.843155555558035
2020-08-06 01:00:00;16.19912000000005;16.085241666669212
2020-08-06 02:00:00;16.0111;15.575388888891275
2020-08-06 03:00:00;15.738730000000032;15.028111111113606
2020-08-06 04:00:00;15.60110000000003;14.824694444447124
2020-08-06 05:00:00;15.026479999999992;15.953558333335852
2020-08-06 06:00:00;16.40545000000003;18.430286111113613
2020-08-06 07:00:00;18.871640000000014;20.953972222224603
2020-08-06 08:00:00;21.8211;22.999225000002426
2020-08-06 09:00:00;24.538100000000043;25.243255555558015
2020-08-06 10:00:00;26.810450000000003;27.3327611111136
2020-08-06 11:00:00;28.756700000000023;29.260094444446946
2020-08-06 12:00:00;30.319180000000017;30.12659349819624
2020-08-06 13:00:00;30.578400000000045;30.720738888891304
2020-08-06 14:00:00;30.82220000000001;31.323141666669365
2020-08-06 15:00:00;30.96655000000004;30.07367222222454
2020-08-06 16:00:00;30.329740000000015;29.063302777780237
2020-08-06 17:00:00;29.169240000000002;28.572441666669224
2020-08-06 18:00:00;27.07140000000004;27.30644444444703
2020-08-06 19:00:00;25.15396000000004;25.009258333335904
2020-08-06 20:00:00;23.41410000000002;22.850127777780234
2020-08-06 21:00:00;22.036580000000015;21.75620000000273
2020-08-06 22:00:00;20.764580000000024;20.495022222224332
2020-08-06 23:00:00;19.976650000000006;19.525661111113504
2020-08-07 00:00:00;19.479970000000037;18.72500833333573
2020-08-07 01:00:00;19.06722000000002;17.925463888891358
2020-08-07 02:00:00;18.331170000000043;17.07934166666893
2020-08-07 03:00:00;17.29260000000005;16.290588888891545
2020-08-07 04:00:00;16.464750000000038;15.861238888891233
2020-08-07 05:00:00;16.335260000000005;16.116116666669072
2020-08-07 06:00:00;17.44002999999998;18.592019444446663
2020-08-07 07:00:00;19.673670000000016;22.240800222286204
2020-08-07 08:00:00;22.19332000000003;24.22797500000211
2020-08-07 09:00:00;24.896479999999997;26.769544444446677
2020-08-07 10:00:00;27.261529999999993;28.49425555555802
2020-08-07 11:00:00;28.77914000000004;29.824530555557622
2020-08-07 12:00:00;30.191280000000006;30.580183333335427
2020-08-07 13:00:00;31.096400000000017;31.046363888891158
2020-08-07 14:00:00;30.712850000000003;31.5428416666691
2020-08-07 15:00:00;30.975239999999985;30.415450000002192
2020-08-07 16:00:00;30.365999999999985;29.70686666666883
2020-08-07 17:00:00;28.78520000000003;29.535480555557665
2020-08-07 18:00:00;26.462060000000008;28.70279166666889
2020-08-07 19:00:00;24.685820000000035;26.97898055555789
2020-08-07 20:00:00;23.558470000000057;25.37995833333561
2020-08-07 21:00:00;22.419429999999977;24.263408333335434
2020-08-07 22:00:00;21.80477000000002;23.707055555557623
2020-08-07 23:00:00;21.50587999999999;22.075633333335446
2020-08-08 00:00:00;20.21792000000005;20.98732777777952
2020-08-08 01:00:00;20.183500000000038;20.166513888890922
2020-08-08 02:00:00;19.230830000000026;19.630480555557632
2020-08-08 03:00:00;19.419600000000003;19.07872742428648
2020-08-08 04:00:00;18.83495000000005;18.740644444446836
2020-08-08 05:00:00;19.117729999999995;19.206783333335785
2020-08-08 06:00:00;20.57433000000003;21.226788888891075
2020-08-08 07:00:00;22.969449999999995;23.596155555557793
2020-08-08 08:00:00;25.343770000000063;25.027169444446635
2020-08-08 09:00:00;27.95830000000001;27.455097222224392
2020-08-08 10:00:00;30.06283000000002;28.95293611111339
2020-08-08 11:00:00;31.419550000000015;31.203691666668945
2020-08-08 12:00:00;32.22172999999998;31.80267500000232
2020-08-08 13:00:00;32.8562;32.19233888889118
2020-08-08 14:00:00;32.66320000000002;33.180897222224395
2020-08-08 15:00:00;31.71890000000002;31.77049444444671
2020-08-08 16:00:00;30.394370000000038;31.066322222224482
2020-08-08 17:00:00;28.871060000000057;30.3249138888912
2020-08-08 18:00:00;27.275599999999997;29.004066666668876
2020-08-08 19:00:00;25.763500000000022;27.454597222224564
2020-08-08 20:00:00;24.383420000000058;26.17604166666897
2020-08-08 21:00:00;22.933160000000044;24.9230361111136
2020-08-08 22:00:00;22.448720000000037;23.405390386220695
2020-08-08 23:00:00;21.858420000000024;22.321016666668907
2020-08-09 00:00:00;21.263360000000034;21.839338888891035
2020-08-09 01:00:00;20.886250000000018;21.10676666666864
2020-08-09 02:00:00;20.19040000000001;20.96344444444602
2020-08-09 03:00:00;19.55162999999999;20.901738888890673
2020-08-09 04:00:00;18.99526000000003;20.53313333333548
2020-08-09 05:00:00;19.351620000000025;21.234936111113264
2020-08-09 06:00:00;20.82754;21.711088888891002
2020-08-09 07:00:00;22.670200000000023;23.61230833333561
2020-08-09 08:00:00;24.732870000000048;25.52011388889125
2020-08-09 09:00:00;26.752400000000023;27.05619166666905
2020-08-09 10:00:00;27.930440000000033;28.29648333333572
2020-08-09 11:00:00;28.62826000000001;29.39793055555779
2020-08-09 12:00:00;29.817860000000053;30.111783333335534
2020-08-09 13:00:00;29.884550000000047;29.81139722222425
2020-08-09 14:00:00;29.46237000000002;29.75275000000229
2020-08-09 15:00:00;29.334699999999998;29.401433333335596
2020-08-09 16:00:00;28.21655000000004;28.77861666666881
2020-08-09 17:00:00;26.992639999999994;27.963983333335687
2020-08-09 18:00:00;26.103750000000048;27.36666666666882
2020-08-09 19:00:00;24.631520000000023;26.519866629621745
2020-08-09 20:00:00;23.192440000000033;25.317691666669003
2020-08-09 21:00:00;22.286040000000014;24.069794444446373
2020-08-09 22:00:00;21.095600000000047;23.114716666669192
2020-08-09 23:00:00;20.29577000000006;22.804975000002152
2020-08-10 00:00:00;20.60647000000006;22.16321388889065
2020-08-10 01:00:00;19.83190000000002;21.514850000001765
2020-08-10 02:00:00;19.69085000000001;20.83155277777993
2020-08-10 03:00:00;19.11940000000004;19.729794444446746
2020-08-10 04:00:00;19.357600000000048;19.50502777777985
2020-08-10 05:00:00;19.49938000000003;20.293336111113245
2020-08-10 06:00:00;20.465880000000027;22.06805000000212
2020-08-10 07:00:00;22.78970000000004;24.047858333335785
2020-08-10 08:00:00;25.355650000000026;25.51135555555816
2020-08-10 09:00:00;27.064700000000016;26.999266666669016
2020-08-10 10:00:00;29.106300000000033;28.82794166666889
2020-08-10 11:00:00;30.55437999999998;30.698680555557928
2020-08-10 12:00:00;31.751860000000022;31.97060555555787
2020-08-10 13:00:00;32.15672999999998;31.87169166666882
2020-08-10 14:00:00;32.04802999999998;28.331444444446877
2020-08-10 15:00:00;31.122900000000016;29.751925000002142
2020-08-10 16:00:00;26.855340000000012;30.02300361211669
2020-08-10 17:00:00;26.92802999999998;29.51139722222445
2020-08-10 18:00:00;26.512170000000026;28.302147222224498
2020-08-10 19:00:00;25.16378000000003;26.986658333335576
2020-08-10 20:00:00;24.281180000000006;24.386630555557794
2020-08-10 21:00:00;22.316129999999987;23.896858333335306
2020-08-10 22:00:00;21.37115;23.24504722222438
2020-08-10 23:00:00;20.079740000000015;22.36910833333513
2020-08-11 00:00:00;21.0539;21.504480555557837
2020-08-11 01:00:00;19.907429999999977;20.941650000001847
2020-08-11 02:00:00;19.232020000000034;20.28336388889088
2020-08-11 03:00:00;18.63760000000002;20.082863888890785
2020-08-11 04:00:00;18.32652999999999;19.688966666668808
2020-08-11 05:00:00;18.158650000000023;19.961177777780172
2020-08-11 06:00:00;19.549860000000024;21.428827777779727
2020-08-11 07:00:00;21.91597999999999;23.57669166666882
2020-08-11 08:00:00;24.479300000000023;25.416547222224466
2020-08-11 09:00:00;26.74743000000001;27.46528055555776
2020-08-11 10:00:00;28.67538000000002;28.84196111111345
2020-08-11 11:00:00;29.874600000000044;30.499152777780036
2020-08-11 12:00:00;30.536100000000033;31.477647222224718
2020-08-11 13:00:00;31.53660000000002;31.53625729369507
2020-08-11 14:00:00;31.3288;31.539527777780123
2020-08-11 15:00:00;30.629820000000052;31.057005555557904
2020-08-11 16:00:00;29.49816000000004;30.507600000002213
2020-08-11 17:00:00;27.87307000000004;30.17423055555756
2020-08-11 18:00:00;25.985130000000026;29.314313888891142
2020-08-11 19:00:00;24.273000000000025;27.794211111113555
2020-08-11 20:00:00;22.729900000000043;26.130211111113507
2020-08-11 21:00:00;21.496640000000014;24.590486111113314
2020-08-11 22:00:00;20.26643999999999;23.31023611111335
2020-08-11 23:00:00;19.14440000000002;22.1857833333356
2020-08-12 00:00:00;18.279000000000053;21.070730555557603
2020-08-12 01:00:00;17.33444000000003;20.231836111113285
2020-08-12 02:00:00;16.679220000000043;19.494447222224363
2020-08-12 03:00:00;16.239829999999984;18.738675000001916
2020-08-12 04:00:00;15.711760000000027;18.382516666669407
2020-08-12 05:00:00;15.977900000000034;18.485547222224668
2020-08-12 06:00:00;18.0582;19.693944444446714
2020-08-12 07:00:00;20.589620000000025;21.903805555557607
2020-08-12 08:00:00;23.046400000000006;23.972953598223768
2020-08-12 09:00:00;25.884180000000015;25.78542777778018
2020-08-12 10:00:00;27.98696000000001;27.68841344818233
2020-08-12 11:00:00;29.641230000000007;29.481780555557837
2020-08-12 12:00:00;30.75836000000004;30.770466666668874
2020-08-12 13:00:00;30.997670000000028;31.287536111113482
2020-08-12 14:00:00;31.287599999999998;31.67421666666907
2020-08-12 15:00:00;29.988339999999994;30.949522222224626
2020-08-12 16:00:00;29.386160000000018;30.5045555555578
2020-08-12 17:00:00;28.001370000000065;29.54717777777997
2020-08-12 18:00:00;26.404570000000035;28.622141666669158
2020-08-12 19:00:00;24.890900000000045;27.24364722222456
2020-08-12 20:00:00;23.508100000000013;25.891569444446677
2020-08-12 21:00:00;22.480770000000064;24.428350000002556
2020-08-12 22:00:00;21.390800000000013;23.146197222224288
2020-08-12 23:00:00;20.08444000000003;21.9122111111134
2020-08-13 00:00:00;19.802639999999997;20.810772222223914
2020-08-13 01:00:00;18.683100000000024;20.087430555558
2020-08-13 02:00:00;18.71765000000005;19.29913888889113
2020-08-13 03:00:00;18.889250000000004;18.459905555557988
2020-08-13 04:00:00;18.096000000000004;17.801866666669024
2020-08-13 05:00:00;17.61403999999999;17.88713531536776
2020-08-13 06:00:00;18.04820000000001;19.184972222224552
2020-08-13 07:00:00;19.539670000000058;21.00586944444653
2020-08-13 08:00:00;21.865750000000048;22.66335555555791
