;Time;temp
0;2020-05-17 12:00:00;288.59573
1;2020-05-17 13:00:00;288.90485
2;2020-05-17 14:00:00;289.06174
3;2020-05-17 15:00:00;289.0742
4;2020-05-17 16:00:00;289.04453
5;2020-05-17 17:00:00;287.96167
6;2020-05-17 18:00:00;287.3219
7;2020-05-17 19:00:00;286.48712
8;2020-05-17 20:00:00;285.76794
9;2020-05-17 21:00:00;285.44324
10;2020-05-17 22:00:00;285.09494
11;2020-05-17 23:00:00;284.4567
12;2020-05-18 00:00:00;284.57074
13;2020-05-18 01:00:00;284.51395
14;2020-05-18 02:00:00;284.3875
15;2020-05-18 03:00:00;283.86322
16;2020-05-18 04:00:00;283.80817
17;2020-05-18 05:00:00;284.3282
18;2020-05-18 06:00:00;284.81705
19;2020-05-18 07:00:00;285.0231
20;2020-05-18 08:00:00;285.79343
21;2020-05-18 09:00:00;287.0386
22;2020-05-18 10:00:00;288.31784
23;2020-05-18 11:00:00;289.052
24;2020-05-18 12:00:00;289.1278
25;2020-05-18 13:00:00;290.339
26;2020-05-18 14:00:00;290.242
27;2020-05-18 15:00:00;289.6494
28;2020-05-18 16:00:00;289.3849
29;2020-05-18 17:00:00;288.84656
30;2020-05-18 18:00:00;288.06976
31;2020-05-18 19:00:00;287.46463
32;2020-05-18 20:00:00;286.7949
33;2020-05-18 21:00:00;285.5849
34;2020-05-18 22:00:00;285.28958
35;2020-05-18 23:00:00;285.17444
36;2020-05-19 00:00:00;284.83267
37;2020-05-19 01:00:00;284.8558
38;2020-05-19 02:00:00;284.80728
39;2020-05-19 03:00:00;284.52988
40;2020-05-19 04:00:00;284.61865
41;2020-05-19 05:00:00;284.74615
42;2020-05-19 06:00:00;284.88864
43;2020-05-19 07:00:00;286.21426
44;2020-05-19 08:00:00;287.75662
45;2020-05-19 09:00:00;289.18887
46;2020-05-19 10:00:00;290.127
47;2020-05-19 11:00:00;290.28677
48;2020-05-19 12:00:00;289.49402
49;2020-05-19 13:00:00;289.13464
50;2020-05-19 14:00:00;289.1785
51;2020-05-19 15:00:00;289.7909
52;2020-05-19 16:00:00;289.41113
53;2020-05-19 17:00:00;289.0272
54;2020-05-19 18:00:00;288.39636
55;2020-05-19 19:00:00;286.9638
56;2020-05-19 20:00:00;285.5496
57;2020-05-19 21:00:00;283.94458
58;2020-05-19 22:00:00;283.1957
59;2020-05-19 23:00:00;282.26602
60;2020-05-20 00:00:00;281.24527
61;2020-05-20 01:00:00;281.29477
62;2020-05-20 02:00:00;281.15268
63;2020-05-20 03:00:00;280.69272
64;2020-05-20 04:00:00;280.85275
65;2020-05-20 05:00:00;281.44336
66;2020-05-20 06:00:00;283.50797
67;2020-05-20 07:00:00;285.2281
68;2020-05-20 08:00:00;287.31985
69;2020-05-20 09:00:00;288.96637
70;2020-05-20 10:00:00;290.6434
71;2020-05-20 11:00:00;292.27637
72;2020-05-20 12:00:00;292.56415
73;2020-05-20 13:00:00;292.75104
74;2020-05-20 14:00:00;292.7989
75;2020-05-20 15:00:00;292.65424
76;2020-05-20 16:00:00;292.13406
77;2020-05-20 17:00:00;291.68127
78;2020-05-20 18:00:00;290.54614
79;2020-05-20 19:00:00;289.15482
80;2020-05-20 20:00:00;287.64886
81;2020-05-20 21:00:00;286.44073
82;2020-05-20 22:00:00;285.39322
83;2020-05-20 23:00:00;284.77634
84;2020-05-21 00:00:00;283.36746
85;2020-05-21 01:00:00;282.85098
86;2020-05-21 02:00:00;282.59244
87;2020-05-21 03:00:00;282.5032
88;2020-05-21 04:00:00;282.8712
89;2020-05-21 05:00:00;283.30447
90;2020-05-21 06:00:00;284.21823
91;2020-05-21 07:00:00;286.0785
92;2020-05-21 08:00:00;288.33224
93;2020-05-21 09:00:00;290.6069
94;2020-05-21 10:00:00;292.29214
95;2020-05-21 11:00:00;293.54294
96;2020-05-21 12:00:00;294.10388
97;2020-05-21 13:00:00;294.9052
98;2020-05-21 14:00:00;295.0843
99;2020-05-21 15:00:00;294.92993
100;2020-05-21 16:00:00;293.93155
101;2020-05-21 17:00:00;292.94412
102;2020-05-21 18:00:00;291.67572
103;2020-05-21 19:00:00;289.83823
104;2020-05-21 20:00:00;288.48734
105;2020-05-21 21:00:00;287.80823
106;2020-05-21 22:00:00;286.5882
107;2020-05-21 23:00:00;285.62448
108;2020-05-22 00:00:00;284.4166
109;2020-05-22 01:00:00;284.19693
110;2020-05-22 02:00:00;283.76367
111;2020-05-22 03:00:00;283.27463
112;2020-05-22 04:00:00;283.15952
113;2020-05-22 05:00:00;284.10248
114;2020-05-22 06:00:00;286.1245
115;2020-05-22 07:00:00;288.4093
116;2020-05-22 08:00:00;290.33817
117;2020-05-22 09:00:00;293.10614
118;2020-05-22 10:00:00;294.15414
119;2020-05-22 11:00:00;294.7385
120;2020-05-22 12:00:00;294.87607
121;2020-05-22 13:00:00;293.15424
122;2020-05-22 14:00:00;292.66293
123;2020-05-22 15:00:00;291.6934
124;2020-05-22 16:00:00;291.2977
125;2020-05-22 17:00:00;290.78732
126;2020-05-22 18:00:00;290.41614
127;2020-05-22 19:00:00;290.17267
128;2020-05-22 20:00:00;290.08624
129;2020-05-22 21:00:00;289.1749
130;2020-05-22 22:00:00;288.8149
131;2020-05-22 23:00:00;288.73566
132;2020-05-23 00:00:00;288.4454
133;2020-05-23 01:00:00;287.6562
134;2020-05-23 02:00:00;287.0291
135;2020-05-23 03:00:00;286.25516
136;2020-05-23 04:00:00;285.9362
137;2020-05-23 05:00:00;285.96292
138;2020-05-23 06:00:00;286.2124
139;2020-05-23 07:00:00;286.96265
140;2020-05-23 08:00:00;287.82837
141;2020-05-23 09:00:00;288.54883
142;2020-05-23 10:00:00;289.14734
143;2020-05-23 11:00:00;288.38297
144;2020-05-23 12:00:00;288.88306
145;2020-05-23 13:00:00;290.53525
146;2020-05-23 14:00:00;290.116
147;2020-05-23 15:00:00;290.3494
148;2020-05-23 16:00:00;289.4845
149;2020-05-23 17:00:00;287.68314
150;2020-05-23 18:00:00;287.3407
151;2020-05-23 19:00:00;286.3273
152;2020-05-23 20:00:00;285.8711
153;2020-05-23 21:00:00;285.08182
154;2020-05-23 22:00:00;284.8576
155;2020-05-23 23:00:00;284.29358
156;2020-05-24 00:00:00;282.73386
157;2020-05-24 01:00:00;283.70462
158;2020-05-24 02:00:00;283.79703
159;2020-05-24 03:00:00;283.8665
160;2020-05-24 04:00:00;283.6952
161;2020-05-24 05:00:00;284.2011
162;2020-05-24 06:00:00;284.41354
163;2020-05-24 07:00:00;285.13443
164;2020-05-24 08:00:00;287.38617
165;2020-05-24 09:00:00;288.3585
166;2020-05-24 10:00:00;287.27933
167;2020-05-24 11:00:00;288.52905
168;2020-05-24 12:00:00;288.96872
169;2020-05-24 13:00:00;289.8422
170;2020-05-24 14:00:00;289.88217
171;2020-05-24 15:00:00;289.5946
172;2020-05-24 16:00:00;288.87247
173;2020-05-24 17:00:00;287.94193
174;2020-05-24 18:00:00;286.08005
175;2020-05-24 19:00:00;285.32568
176;2020-05-24 20:00:00;284.80585
177;2020-05-24 21:00:00;284.2182
178;2020-05-24 22:00:00;283.8223
179;2020-05-24 23:00:00;283.71967
180;2020-05-25 00:00:00;283.704
181;2020-05-25 01:00:00;283.78232
182;2020-05-25 02:00:00;283.99756
183;2020-05-25 03:00:00;283.62222
184;2020-05-25 04:00:00;283.475
185;2020-05-25 05:00:00;283.6948
186;2020-05-25 06:00:00;283.8432
187;2020-05-25 07:00:00;284.19107
188;2020-05-25 08:00:00;284.82233
189;2020-05-25 09:00:00;285.62305
190;2020-05-25 10:00:00;286.60132
191;2020-05-25 11:00:00;287.89124
192;2020-05-25 12:00:00;289.08102
193;2020-05-25 13:00:00;289.4602
194;2020-05-25 14:00:00;289.7138
195;2020-05-25 15:00:00;289.1888
196;2020-05-25 16:00:00;288.9194
197;2020-05-25 17:00:00;288.03564
198;2020-05-25 18:00:00;287.3847
199;2020-05-25 19:00:00;285.70502
200;2020-05-25 20:00:00;284.366
201;2020-05-25 21:00:00;283.1236
202;2020-05-25 22:00:00;282.1516
203;2020-05-25 23:00:00;281.40942
204;2020-05-26 00:00:00;280.4666
205;2020-05-26 01:00:00;280.04517
206;2020-05-26 02:00:00;279.68997
207;2020-05-26 03:00:00;279.65625
208;2020-05-26 04:00:00;279.6537
209;2020-05-26 05:00:00;280.68057
210;2020-05-26 06:00:00;281.9697
211;2020-05-26 07:00:00;284.16302
212;2020-05-26 08:00:00;286.505
213;2020-05-26 09:00:00;289.03882
214;2020-05-26 10:00:00;290.97366
215;2020-05-26 11:00:00;292.27924
216;2020-05-26 12:00:00;292.74365
217;2020-05-26 13:00:00;293.4793
218;2020-05-26 14:00:00;293.28275
219;2020-05-26 15:00:00;293.5694
220;2020-05-26 16:00:00;293.03967
221;2020-05-26 17:00:00;292.64163
222;2020-05-26 18:00:00;290.82718
223;2020-05-26 19:00:00;289.49213
224;2020-05-26 20:00:00;287.35983
225;2020-05-26 21:00:00;286.36435
226;2020-05-26 22:00:00;285.6941
227;2020-05-26 23:00:00;285.52545
228;2020-05-27 00:00:00;285.20868
229;2020-05-27 01:00:00;284.73807
230;2020-05-27 02:00:00;284.5214
231;2020-05-27 03:00:00;282.84125
232;2020-05-27 04:00:00;282.70105
233;2020-05-27 05:00:00;283.53882
234;2020-05-27 06:00:00;283.98108
235;2020-05-27 07:00:00;285.93427
236;2020-05-27 08:00:00;287.8882
237;2020-05-27 09:00:00;290.305
238;2020-05-27 10:00:00;291.6605
239;2020-05-27 11:00:00;292.69537
240;2020-05-27 12:00:00;292.65808
241;2020-05-27 13:00:00;292.96033
242;2020-05-27 14:00:00;292.58838
243;2020-05-27 15:00:00;292.63214
244;2020-05-27 16:00:00;291.59207
245;2020-05-27 17:00:00;290.12164
246;2020-05-27 18:00:00;289.2317
247;2020-05-27 19:00:00;287.8491
248;2020-05-27 20:00:00;286.62582
249;2020-05-27 21:00:00;285.83676
250;2020-05-27 22:00:00;283.4889
251;2020-05-27 23:00:00;282.1027
252;2020-05-28 00:00:00;281.2398
253;2020-05-28 01:00:00;280.50162
254;2020-05-28 02:00:00;279.75278
255;2020-05-28 03:00:00;279.40454
256;2020-05-28 04:00:00;279.0232
257;2020-05-28 05:00:00;279.96915
258;2020-05-28 06:00:00;281.67953
259;2020-05-28 07:00:00;283.57642
260;2020-05-28 08:00:00;285.9921
261;2020-05-28 09:00:00;288.04
262;2020-05-28 10:00:00;289.75385
263;2020-05-28 11:00:00;290.83292
264;2020-05-28 12:00:00;291.61362
265;2020-05-28 13:00:00;291.78214
266;2020-05-28 14:00:00;291.68625
267;2020-05-28 15:00:00;291.82178
268;2020-05-28 16:00:00;291.43527
269;2020-05-28 17:00:00;290.24216
270;2020-05-28 18:00:00;289.27322
271;2020-05-28 19:00:00;287.52542
272;2020-05-28 20:00:00;285.74963
273;2020-05-28 21:00:00;284.24402
274;2020-05-28 22:00:00;283.02652
275;2020-05-28 23:00:00;282.67395
276;2020-05-29 00:00:00;281.34274
277;2020-05-29 01:00:00;280.95932
278;2020-05-29 02:00:00;280.7419
279;2020-05-29 03:00:00;279.98517
280;2020-05-29 04:00:00;280.03522
281;2020-05-29 05:00:00;281.1701
282;2020-05-29 06:00:00;282.7139
283;2020-05-29 07:00:00;284.94006
284;2020-05-29 08:00:00;287.2584
285;2020-05-29 09:00:00;289.3157
286;2020-05-29 10:00:00;290.8431
287;2020-05-29 11:00:00;292.0472
288;2020-05-29 12:00:00;293.0724
289;2020-05-29 13:00:00;293.72372
290;2020-05-29 14:00:00;294.3449
291;2020-05-29 15:00:00;294.28223
292;2020-05-29 16:00:00;293.4243
293;2020-05-29 17:00:00;292.52646
294;2020-05-29 18:00:00;289.93726
295;2020-05-29 19:00:00;288.07855
296;2020-05-29 20:00:00;286.54977
297;2020-05-29 21:00:00;285.65445
298;2020-05-29 22:00:00;284.6403
299;2020-05-29 23:00:00;283.3889
300;2020-05-30 00:00:00;282.45496
301;2020-05-30 01:00:00;282.0486
302;2020-05-30 02:00:00;281.57867
303;2020-05-30 03:00:00;281.854
304;2020-05-30 04:00:00;282.27335
305;2020-05-30 05:00:00;283.2288
306;2020-05-30 06:00:00;284.4155
307;2020-05-30 07:00:00;285.0324
308;2020-05-30 08:00:00;286.3974
309;2020-05-30 09:00:00;289.9588
310;2020-05-30 10:00:00;291.3067
311;2020-05-30 11:00:00;292.14407
312;2020-05-30 12:00:00;292.4286
313;2020-05-30 13:00:00;292.91806
314;2020-05-30 14:00:00;291.69757
315;2020-05-30 15:00:00;291.74753
316;2020-05-30 16:00:00;290.58157
317;2020-05-30 17:00:00;290.32742
318;2020-05-30 18:00:00;288.55682
319;2020-05-30 19:00:00;287.73752
320;2020-05-30 20:00:00;286.179
321;2020-05-30 21:00:00;286.06482
322;2020-05-30 22:00:00;285.3035
323;2020-05-30 23:00:00;284.81223
324;2020-05-31 00:00:00;283.80093
325;2020-05-31 01:00:00;283.3166
326;2020-05-31 02:00:00;283.18463
327;2020-05-31 03:00:00;283.55573
328;2020-05-31 04:00:00;283.49808
329;2020-05-31 05:00:00;284.63544
330;2020-05-31 06:00:00;285.912
331;2020-05-31 07:00:00;287.17044
332;2020-05-31 08:00:00;288.4846
333;2020-05-31 09:00:00;289.7479
334;2020-05-31 10:00:00;290.74826
335;2020-05-31 11:00:00;292.2747
336;2020-05-31 12:00:00;293.02066
337;2020-05-31 13:00:00;293.52505
338;2020-05-31 14:00:00;293.3278
339;2020-05-31 15:00:00;292.9374
340;2020-05-31 16:00:00;292.36478
341;2020-05-31 17:00:00;291.32407
342;2020-05-31 18:00:00;289.8463
343;2020-05-31 19:00:00;288.06036
344;2020-05-31 20:00:00;286.69946
345;2020-05-31 21:00:00;285.6477
346;2020-05-31 22:00:00;284.7856
347;2020-05-31 23:00:00;284.3465
348;2020-06-01 00:00:00;282.90167
349;2020-06-01 01:00:00;281.87592
350;2020-06-01 02:00:00;281.1968
351;2020-06-01 03:00:00;280.32742
352;2020-06-01 04:00:00;280.19678
353;2020-06-01 05:00:00;281.71912
354;2020-06-01 06:00:00;284.1122
355;2020-06-01 07:00:00;286.5355
356;2020-06-01 08:00:00;288.59375
357;2020-06-01 09:00:00;290.51132
358;2020-06-01 10:00:00;292.1276
359;2020-06-01 11:00:00;293.35217
360;2020-06-01 12:00:00;294.4086
361;2020-06-01 13:00:00;295.2474
362;2020-06-01 14:00:00;295.69516
363;2020-06-01 15:00:00;294.81738
364;2020-06-01 16:00:00;294.10846
365;2020-06-01 17:00:00;293.20627
366;2020-06-01 18:00:00;292.0003
367;2020-06-01 19:00:00;290.5049
368;2020-06-01 20:00:00;289.00192
369;2020-06-01 21:00:00;287.86954
370;2020-06-01 22:00:00;286.8319
371;2020-06-01 23:00:00;286.3145
372;2020-06-02 00:00:00;284.72037
373;2020-06-02 01:00:00;284.06137
374;2020-06-02 02:00:00;283.7227
375;2020-06-02 03:00:00;283.22958
376;2020-06-02 04:00:00;283.14688
377;2020-06-02 05:00:00;283.8169
378;2020-06-02 06:00:00;285.4947
379;2020-06-02 07:00:00;288.22104
380;2020-06-02 08:00:00;290.7089
381;2020-06-02 09:00:00;292.873
382;2020-06-02 10:00:00;294.6821
383;2020-06-02 11:00:00;295.91617
384;2020-06-02 12:00:00;296.9857
385;2020-06-02 13:00:00;297.46796
386;2020-06-02 14:00:00;297.83804
387;2020-06-02 15:00:00;297.57315
388;2020-06-02 16:00:00;297.47348
389;2020-06-02 17:00:00;296.53024
390;2020-06-02 18:00:00;295.3573
391;2020-06-02 19:00:00;293.14
392;2020-06-02 20:00:00;291.52066
393;2020-06-02 21:00:00;290.03625
394;2020-06-02 22:00:00;289.1001
395;2020-06-02 23:00:00;288.33493
396;2020-06-03 00:00:00;287.61996
397;2020-06-03 01:00:00;287.1972
398;2020-06-03 02:00:00;286.83566
399;2020-06-03 03:00:00;286.58606
400;2020-06-03 04:00:00;286.6508
401;2020-06-03 05:00:00;287.66425
402;2020-06-03 06:00:00;288.7215
403;2020-06-03 07:00:00;290.22534
404;2020-06-03 08:00:00;291.17514
405;2020-06-03 09:00:00;294.1143
406;2020-06-03 10:00:00;295.66898
407;2020-06-03 11:00:00;296.08435
408;2020-06-03 12:00:00;297.13315
409;2020-06-03 13:00:00;295.96133
410;2020-06-03 14:00:00;291.29605
411;2020-06-03 15:00:00;289.31088
412;2020-06-03 16:00:00;289.86417
413;2020-06-03 17:00:00;290.07385
414;2020-06-03 18:00:00;290.09653
415;2020-06-03 19:00:00;289.78436
416;2020-06-03 20:00:00;289.29803
417;2020-06-03 21:00:00;290.04358
418;2020-06-03 22:00:00;289.58588
419;2020-06-03 23:00:00;289.0954
420;2020-06-04 00:00:00;288.36386
421;2020-06-04 01:00:00;288.1514
422;2020-06-04 02:00:00;287.74008
423;2020-06-04 03:00:00;287.0455
424;2020-06-04 04:00:00;287.38367
425;2020-06-04 05:00:00;287.36746
426;2020-06-04 06:00:00;288.42
427;2020-06-04 07:00:00;289.82248
428;2020-06-04 08:00:00;290.8981
429;2020-06-04 09:00:00;291.9814
430;2020-06-04 10:00:00;291.97504
431;2020-06-04 11:00:00;291.51715
432;2020-06-04 12:00:00;290.93832
433;2020-06-04 13:00:00;290.4172
434;2020-06-04 14:00:00;290.2094
435;2020-06-04 15:00:00;289.16226
436;2020-06-04 16:00:00;290.23553
437;2020-06-04 17:00:00;288.79437
438;2020-06-04 18:00:00;287.43414
439;2020-06-04 19:00:00;286.72385
440;2020-06-04 20:00:00;285.9398
441;2020-06-04 21:00:00;285.17596
442;2020-06-04 22:00:00;284.85794
443;2020-06-04 23:00:00;284.47827
444;2020-06-05 00:00:00;284.44525
445;2020-06-05 01:00:00;284.0745
446;2020-06-05 02:00:00;283.8349
447;2020-06-05 03:00:00;283.22372
448;2020-06-05 04:00:00;283.12427
449;2020-06-05 05:00:00;283.32034
450;2020-06-05 06:00:00;283.60165
451;2020-06-05 07:00:00;284.3122
452;2020-06-05 08:00:00;285.37836
453;2020-06-05 09:00:00;286.05356
454;2020-06-05 10:00:00;286.95645
455;2020-06-05 11:00:00;288.261
456;2020-06-05 12:00:00;289.4491
457;2020-06-05 13:00:00;289.73267
458;2020-06-05 14:00:00;290.4326
459;2020-06-05 15:00:00;290.41116
460;2020-06-05 16:00:00;289.1623
461;2020-06-05 17:00:00;286.5627
462;2020-06-05 18:00:00;285.20206
463;2020-06-05 19:00:00;284.6567
464;2020-06-05 20:00:00;284.48392
465;2020-06-05 21:00:00;283.4808
466;2020-06-05 22:00:00;282.37027
467;2020-06-05 23:00:00;281.631
468;2020-06-06 00:00:00;281.02658
469;2020-06-06 01:00:00;280.79172
470;2020-06-06 02:00:00;280.33582
471;2020-06-06 03:00:00;279.97043
472;2020-06-06 04:00:00;279.8939
473;2020-06-06 05:00:00;280.99942
474;2020-06-06 06:00:00;282.90268
475;2020-06-06 07:00:00;284.07587
476;2020-06-06 08:00:00;285.8107
477;2020-06-06 09:00:00;286.90765
478;2020-06-06 10:00:00;288.4403
479;2020-06-06 11:00:00;289.57275
480;2020-06-06 12:00:00;287.40997
481;2020-06-06 13:00:00;288.72772
482;2020-06-06 14:00:00;289.53253
483;2020-06-06 15:00:00;289.22623
484;2020-06-06 16:00:00;288.24716
485;2020-06-06 17:00:00;287.5754
486;2020-06-06 18:00:00;287.46155
487;2020-06-06 19:00:00;286.80548
488;2020-06-06 20:00:00;285.9248
489;2020-06-06 21:00:00;284.7343
490;2020-06-06 22:00:00;284.02722
491;2020-06-06 23:00:00;284.06216
492;2020-06-07 00:00:00;284.30157
493;2020-06-07 01:00:00;283.89627
494;2020-06-07 02:00:00;283.41605
495;2020-06-07 03:00:00;283.10895
496;2020-06-07 04:00:00;282.9883
497;2020-06-07 05:00:00;283.18488
498;2020-06-07 06:00:00;284.13342
499;2020-06-07 07:00:00;285.86185
500;2020-06-07 08:00:00;287.1589
501;2020-06-07 09:00:00;287.1265
502;2020-06-07 10:00:00;288.72305
503;2020-06-07 11:00:00;288.89
504;2020-06-07 12:00:00;288.8654
505;2020-06-07 13:00:00;289.58667
506;2020-06-07 14:00:00;290.60257
507;2020-06-07 15:00:00;290.77692
508;2020-06-07 16:00:00;290.53482
509;2020-06-07 17:00:00;289.064
510;2020-06-07 18:00:00;288.6301
511;2020-06-07 19:00:00;286.5772
512;2020-06-07 20:00:00;285.06827
513;2020-06-07 21:00:00;284.8148
514;2020-06-07 22:00:00;284.24527
515;2020-06-07 23:00:00;284.4317
516;2020-06-08 00:00:00;283.8001
517;2020-06-08 01:00:00;283.19748
518;2020-06-08 02:00:00;283.06232
519;2020-06-08 03:00:00;282.57376
520;2020-06-08 04:00:00;282.65295
521;2020-06-08 05:00:00;283.68024
522;2020-06-08 06:00:00;284.83298
523;2020-06-08 07:00:00;285.78796
524;2020-06-08 08:00:00;286.93253
525;2020-06-08 09:00:00;288.30524
526;2020-06-08 10:00:00;288.72403
527;2020-06-08 11:00:00;289.842
528;2020-06-08 12:00:00;291.09775
529;2020-06-08 13:00:00;291.54034
530;2020-06-08 14:00:00;292.24014
531;2020-06-08 15:00:00;291.42288
532;2020-06-08 16:00:00;292.15262
533;2020-06-08 17:00:00;290.9399
534;2020-06-08 18:00:00;290.0172
535;2020-06-08 19:00:00;289.08136
536;2020-06-08 20:00:00;287.78656
537;2020-06-08 21:00:00;286.7758
538;2020-06-08 22:00:00;286.10376
539;2020-06-08 23:00:00;285.34692
540;2020-06-09 00:00:00;284.54556
541;2020-06-09 01:00:00;283.97214
542;2020-06-09 02:00:00;283.69562
543;2020-06-09 03:00:00;283.3771
544;2020-06-09 04:00:00;283.43594
545;2020-06-09 05:00:00;284.0863
546;2020-06-09 06:00:00;284.93314
547;2020-06-09 07:00:00;286.66434
548;2020-06-09 08:00:00;288.54892
549;2020-06-09 09:00:00;289.87787
550;2020-06-09 10:00:00;290.91547
551;2020-06-09 11:00:00;291.62292
552;2020-06-09 12:00:00;292.32922
553;2020-06-09 13:00:00;292.0198
554;2020-06-09 14:00:00;292.43356
555;2020-06-09 15:00:00;292.07913
556;2020-06-09 16:00:00;291.7643
557;2020-06-09 17:00:00;290.73648
558;2020-06-09 18:00:00;290.05206
559;2020-06-09 19:00:00;289.18024
560;2020-06-09 20:00:00;287.9224
561;2020-06-09 21:00:00;287.0487
562;2020-06-09 22:00:00;286.2144
563;2020-06-09 23:00:00;285.51495
564;2020-06-10 00:00:00;285.2937
565;2020-06-10 01:00:00;284.8382
566;2020-06-10 02:00:00;284.4746
567;2020-06-10 03:00:00;284.75742
568;2020-06-10 04:00:00;284.725
569;2020-06-10 05:00:00;285.2747
570;2020-06-10 06:00:00;286.38977
571;2020-06-10 07:00:00;287.5687
572;2020-06-10 08:00:00;288.68076
573;2020-06-10 09:00:00;290.01184
574;2020-06-10 10:00:00;291.51453
575;2020-06-10 11:00:00;292.5627
576;2020-06-10 12:00:00;293.22336
577;2020-06-10 13:00:00;292.92896
578;2020-06-10 14:00:00;293.33057
579;2020-06-10 15:00:00;293.08704
580;2020-06-10 16:00:00;292.18192
581;2020-06-10 17:00:00;291.103
582;2020-06-10 18:00:00;290.156
583;2020-06-10 19:00:00;289.32248
584;2020-06-10 20:00:00;288.43036
585;2020-06-10 21:00:00;287.8823
586;2020-06-10 22:00:00;287.46368
587;2020-06-10 23:00:00;287.19952
588;2020-06-11 00:00:00;287.1843
589;2020-06-11 01:00:00;286.93747
590;2020-06-11 02:00:00;286.52954
591;2020-06-11 03:00:00;286.36578
592;2020-06-11 04:00:00;286.50995
593;2020-06-11 05:00:00;286.6142
594;2020-06-11 06:00:00;286.90396
595;2020-06-11 07:00:00;287.0606
596;2020-06-11 08:00:00;287.34094
597;2020-06-11 09:00:00;287.54108
598;2020-06-11 10:00:00;287.6392
599;2020-06-11 11:00:00;288.6174
600;2020-06-11 12:00:00;288.5191
601;2020-06-11 13:00:00;288.65695
602;2020-06-11 14:00:00;288.74902
603;2020-06-11 15:00:00;289.04245
604;2020-06-11 16:00:00;288.84702
605;2020-06-11 17:00:00;288.81262
606;2020-06-11 18:00:00;288.18292
607;2020-06-11 19:00:00;287.99634
608;2020-06-11 20:00:00;287.8153
609;2020-06-11 21:00:00;287.83557
610;2020-06-11 22:00:00;287.7703
611;2020-06-11 23:00:00;287.65485
612;2020-06-12 00:00:00;287.54816
613;2020-06-12 01:00:00;287.5024
614;2020-06-12 02:00:00;287.52216
615;2020-06-12 03:00:00;287.42462
616;2020-06-12 04:00:00;287.60507
617;2020-06-12 05:00:00;288.05075
618;2020-06-12 06:00:00;288.72107
619;2020-06-12 07:00:00;289.36465
620;2020-06-12 08:00:00;290.10916
621;2020-06-12 09:00:00;292.0537
622;2020-06-12 10:00:00;293.82892
623;2020-06-12 11:00:00;295.28293
624;2020-06-12 12:00:00;296.5895
625;2020-06-12 13:00:00;297.48517
626;2020-06-12 14:00:00;298.00275
627;2020-06-12 15:00:00;298.22882
628;2020-06-12 16:00:00;298.23303
629;2020-06-12 17:00:00;297.14746
630;2020-06-12 18:00:00;295.03378
631;2020-06-12 19:00:00;293.4261
632;2020-06-12 20:00:00;292.10672
633;2020-06-12 21:00:00;292.00458
634;2020-06-12 22:00:00;291.67377
635;2020-06-12 23:00:00;291.3616
636;2020-06-13 00:00:00;290.25098
637;2020-06-13 01:00:00;289.99164
638;2020-06-13 02:00:00;289.97055
639;2020-06-13 03:00:00;289.8232
640;2020-06-13 04:00:00;290.03912
641;2020-06-13 05:00:00;290.6309
642;2020-06-13 06:00:00;290.6974
643;2020-06-13 07:00:00;292.1389
644;2020-06-13 08:00:00;294.5091
645;2020-06-13 09:00:00;295.0841
646;2020-06-13 10:00:00;297.37964
647;2020-06-13 11:00:00;298.87476
648;2020-06-13 12:00:00;296.84073
649;2020-06-13 13:00:00;297.70795
650;2020-06-13 14:00:00;296.93982
651;2020-06-13 15:00:00;295.2736
652;2020-06-13 16:00:00;296.8047
653;2020-06-13 17:00:00;296.58395
654;2020-06-13 18:00:00;292.33847
655;2020-06-13 19:00:00;290.82977
656;2020-06-13 20:00:00;290.63837
657;2020-06-13 21:00:00;291.9917
658;2020-06-13 22:00:00;291.34665
659;2020-06-13 23:00:00;291.14178
660;2020-06-14 00:00:00;289.93665
661;2020-06-14 01:00:00;289.5538
662;2020-06-14 02:00:00;289.01
663;2020-06-14 03:00:00;288.28644
664;2020-06-14 04:00:00;288.36597
665;2020-06-14 05:00:00;288.69727
666;2020-06-14 06:00:00;288.72717
667;2020-06-14 07:00:00;289.47824
668;2020-06-14 08:00:00;290.41046
669;2020-06-14 09:00:00;291.49643
670;2020-06-14 10:00:00;292.72577
671;2020-06-14 11:00:00;293.0428
672;2020-06-14 12:00:00;293.97723
673;2020-06-14 13:00:00;294.74133
674;2020-06-14 14:00:00;295.03046
675;2020-06-14 15:00:00;294.17416
676;2020-06-14 16:00:00;294.71704
677;2020-06-14 17:00:00;294.73593
678;2020-06-14 18:00:00;292.93347
679;2020-06-14 19:00:00;290.9274
680;2020-06-14 20:00:00;289.2637
681;2020-06-14 21:00:00;289.1239
682;2020-06-14 22:00:00;288.2194
683;2020-06-14 23:00:00;286.9671
684;2020-06-15 00:00:00;286.44415
685;2020-06-15 01:00:00;285.6726
686;2020-06-15 02:00:00;284.84973
687;2020-06-15 03:00:00;283.60666
688;2020-06-15 04:00:00;283.91644
689;2020-06-15 05:00:00;284.89685
690;2020-06-15 06:00:00;286.41663
691;2020-06-15 07:00:00;288.2442
692;2020-06-15 08:00:00;290.13397
693;2020-06-15 09:00:00;292.01804
694;2020-06-15 10:00:00;293.3478
695;2020-06-15 11:00:00;294.26495
696;2020-06-15 12:00:00;295.00916
697;2020-06-15 13:00:00;295.494
698;2020-06-15 14:00:00;295.58292
699;2020-06-15 15:00:00;295.494
700;2020-06-15 16:00:00;293.6396
701;2020-06-15 17:00:00;292.46365
702;2020-06-15 18:00:00;291.961
703;2020-06-15 19:00:00;290.7502
704;2020-06-15 20:00:00;289.3148
705;2020-06-15 21:00:00;289.23978
706;2020-06-15 22:00:00;288.6325
707;2020-06-15 23:00:00;288.27533
708;2020-06-16 00:00:00;288.41736
709;2020-06-16 01:00:00;287.98657
710;2020-06-16 02:00:00;287.74643
711;2020-06-16 03:00:00;286.44675
712;2020-06-16 04:00:00;286.57217
713;2020-06-16 05:00:00;287.47437
714;2020-06-16 06:00:00;288.12003
715;2020-06-16 07:00:00;290.0102
716;2020-06-16 08:00:00;292.0995
717;2020-06-16 09:00:00;293.77124
718;2020-06-16 10:00:00;295.53656
719;2020-06-16 11:00:00;296.76965
720;2020-06-16 12:00:00;297.28244
721;2020-06-16 13:00:00;297.98904
722;2020-06-16 14:00:00;298.1006
723;2020-06-16 15:00:00;297.28336
724;2020-06-16 16:00:00;296.31693
725;2020-06-16 17:00:00;295.63846
726;2020-06-16 18:00:00;295.22604
727;2020-06-16 19:00:00;293.3835
728;2020-06-16 20:00:00;292.014
729;2020-06-16 21:00:00;290.81952
730;2020-06-16 22:00:00;290.15137
731;2020-06-16 23:00:00;289.31436
732;2020-06-17 00:00:00;289.83676
733;2020-06-17 01:00:00;289.88852
734;2020-06-17 02:00:00;289.7061
735;2020-06-17 03:00:00;289.73828
736;2020-06-17 04:00:00;289.4611
737;2020-06-17 05:00:00;289.5054
738;2020-06-17 06:00:00;290.65237
739;2020-06-17 07:00:00;292.30826
740;2020-06-17 08:00:00;294.1316
741;2020-06-17 09:00:00;295.61615
742;2020-06-17 10:00:00;297.09033
743;2020-06-17 11:00:00;298.22028
744;2020-06-17 12:00:00;298.9951
745;2020-06-17 13:00:00;299.18015
746;2020-06-17 14:00:00;298.87518
747;2020-06-17 15:00:00;299.02203
748;2020-06-17 16:00:00;298.39026
749;2020-06-17 17:00:00;297.62082
750;2020-06-17 18:00:00;295.65085
751;2020-06-17 19:00:00;294.06787
752;2020-06-17 20:00:00;292.3093
753;2020-06-17 21:00:00;291.04654
754;2020-06-17 22:00:00;290.57745
755;2020-06-17 23:00:00;290.2446
756;2020-06-18 00:00:00;289.06766
757;2020-06-18 01:00:00;288.47992
758;2020-06-18 02:00:00;288.04443
759;2020-06-18 03:00:00;287.7539
760;2020-06-18 04:00:00;287.92352
761;2020-06-18 05:00:00;288.17776
762;2020-06-18 06:00:00;289.17493
763;2020-06-18 07:00:00;290.39075
764;2020-06-18 08:00:00;291.9908
765;2020-06-18 09:00:00;294.24155
766;2020-06-18 10:00:00;295.86823
767;2020-06-18 11:00:00;296.75333
768;2020-06-18 12:00:00;297.57556
769;2020-06-18 13:00:00;298.44635
770;2020-06-18 14:00:00;298.2486
771;2020-06-18 15:00:00;297.47495
772;2020-06-18 16:00:00;296.09717
773;2020-06-18 17:00:00;293.86932
774;2020-06-18 18:00:00;293.12354
775;2020-06-18 19:00:00;292.79263
776;2020-06-18 20:00:00;292.37204
777;2020-06-18 21:00:00;292.34122
778;2020-06-18 22:00:00;291.4772
779;2020-06-18 23:00:00;290.84048
780;2020-06-19 00:00:00;290.42316
781;2020-06-19 01:00:00;289.9328
782;2020-06-19 02:00:00;289.70486
783;2020-06-19 03:00:00;289.45703
784;2020-06-19 04:00:00;289.27655
785;2020-06-19 05:00:00;289.17648
786;2020-06-19 06:00:00;288.77124
787;2020-06-19 07:00:00;288.2576
788;2020-06-19 08:00:00;288.1448
789;2020-06-19 09:00:00;289.28333
790;2020-06-19 10:00:00;289.6131
791;2020-06-19 11:00:00;290.21616
792;2020-06-19 12:00:00;290.86185
793;2020-06-19 13:00:00;291.453
794;2020-06-19 14:00:00;291.32166
795;2020-06-19 15:00:00;293.0058
796;2020-06-19 16:00:00;292.77557
797;2020-06-19 17:00:00;292.09903
798;2020-06-19 18:00:00;291.07547
799;2020-06-19 19:00:00;290.35593
800;2020-06-19 20:00:00;289.6204
801;2020-06-19 21:00:00;288.57864
802;2020-06-19 22:00:00;288.2332
803;2020-06-19 23:00:00;287.83398
804;2020-06-20 00:00:00;287.03085
805;2020-06-20 01:00:00;286.83633
806;2020-06-20 02:00:00;286.4358
807;2020-06-20 03:00:00;286.11298
808;2020-06-20 04:00:00;286.5483
809;2020-06-20 05:00:00;287.26157
810;2020-06-20 06:00:00;288.34143
811;2020-06-20 07:00:00;289.79944
812;2020-06-20 08:00:00;291.25903
813;2020-06-20 09:00:00;292.24487
814;2020-06-20 10:00:00;293.25406
815;2020-06-20 11:00:00;294.05634
816;2020-06-20 12:00:00;294.6551
817;2020-06-20 13:00:00;294.6657
818;2020-06-20 14:00:00;294.72693
819;2020-06-20 15:00:00;293.3538
820;2020-06-20 16:00:00;292.7571
821;2020-06-20 17:00:00;291.89294
822;2020-06-20 18:00:00;290.80026
823;2020-06-20 19:00:00;289.8658
824;2020-06-20 20:00:00;288.79996
825;2020-06-20 21:00:00;288.35068
826;2020-06-20 22:00:00;287.74347
827;2020-06-20 23:00:00;287.2261
828;2020-06-21 00:00:00;286.30286
829;2020-06-21 01:00:00;285.6797
830;2020-06-21 02:00:00;285.1005
831;2020-06-21 03:00:00;284.64252
832;2020-06-21 04:00:00;284.83575
833;2020-06-21 05:00:00;285.72
834;2020-06-21 06:00:00;286.21307
835;2020-06-21 07:00:00;287.90323
836;2020-06-21 08:00:00;289.90936
837;2020-06-21 09:00:00;291.78992
838;2020-06-21 10:00:00;293.52676
839;2020-06-21 11:00:00;294.78412
840;2020-06-21 12:00:00;296.03513
841;2020-06-21 13:00:00;296.24527
842;2020-06-21 14:00:00;296.12888
843;2020-06-21 15:00:00;296.34784
844;2020-06-21 16:00:00;296.31982
845;2020-06-21 17:00:00;295.42578
846;2020-06-21 18:00:00;294.72754
847;2020-06-21 19:00:00;293.66818
848;2020-06-21 20:00:00;292.00443
849;2020-06-21 21:00:00;290.63498
850;2020-06-21 22:00:00;290.23837
851;2020-06-21 23:00:00;290.0302
852;2020-06-22 00:00:00;289.53748
853;2020-06-22 01:00:00;289.98514
854;2020-06-22 02:00:00;289.47702
855;2020-06-22 03:00:00;288.73676
856;2020-06-22 04:00:00;288.71
857;2020-06-22 05:00:00;289.33206
858;2020-06-22 06:00:00;289.74658
859;2020-06-22 07:00:00;290.40286
860;2020-06-22 08:00:00;292.20166
861;2020-06-22 09:00:00;293.33356
862;2020-06-22 10:00:00;294.68304
863;2020-06-22 11:00:00;295.701
864;2020-06-22 12:00:00;296.08215
865;2020-06-22 13:00:00;296.27274
866;2020-06-22 14:00:00;295.94812
867;2020-06-22 15:00:00;295.44382
868;2020-06-22 16:00:00;294.48865
869;2020-06-22 17:00:00;293.28995
870;2020-06-22 18:00:00;291.74686
871;2020-06-22 19:00:00;290.40094
872;2020-06-22 20:00:00;289.0151
873;2020-06-22 21:00:00;287.8091
874;2020-06-22 22:00:00;286.60785
875;2020-06-22 23:00:00;285.6959
876;2020-06-23 00:00:00;285.2575
877;2020-06-23 01:00:00;284.61447
878;2020-06-23 02:00:00;284.0579
879;2020-06-23 03:00:00;283.2729
880;2020-06-23 04:00:00;283.36432
881;2020-06-23 05:00:00;284.11328
882;2020-06-23 06:00:00;285.48935
883;2020-06-23 07:00:00;288.28915
884;2020-06-23 08:00:00;290.5912
885;2020-06-23 09:00:00;292.5506
886;2020-06-23 10:00:00;294.07614
887;2020-06-23 11:00:00;295.5471
888;2020-06-23 12:00:00;295.9551
889;2020-06-23 13:00:00;296.5865
890;2020-06-23 14:00:00;296.77902
891;2020-06-23 15:00:00;296.8952
892;2020-06-23 16:00:00;296.1693
893;2020-06-23 17:00:00;295.38962
894;2020-06-23 18:00:00;294.3499
895;2020-06-23 19:00:00;292.88647
896;2020-06-23 20:00:00;291.05392
897;2020-06-23 21:00:00;289.4621
898;2020-06-23 22:00:00;288.79788
899;2020-06-23 23:00:00;288.4246
900;2020-06-24 00:00:00;287.25345
901;2020-06-24 01:00:00;287.38864
902;2020-06-24 02:00:00;286.71002
903;2020-06-24 03:00:00;286.13654
904;2020-06-24 04:00:00;285.75333
905;2020-06-24 05:00:00;286.55066
906;2020-06-24 06:00:00;288.94482
907;2020-06-24 07:00:00;290.99878
908;2020-06-24 08:00:00;293.18503
909;2020-06-24 09:00:00;294.74274
910;2020-06-24 10:00:00;295.97308
911;2020-06-24 11:00:00;296.86758
912;2020-06-24 12:00:00;297.47943
913;2020-06-24 13:00:00;297.9013
914;2020-06-24 14:00:00;297.9583
915;2020-06-24 15:00:00;297.85962
916;2020-06-24 16:00:00;297.341
917;2020-06-24 17:00:00;295.9499
918;2020-06-24 18:00:00;294.3529
919;2020-06-24 19:00:00;293.28888
920;2020-06-24 20:00:00;291.93704
921;2020-06-24 21:00:00;291.17484
922;2020-06-24 22:00:00;289.84753
923;2020-06-24 23:00:00;289.4631
924;2020-06-25 00:00:00;288.53378
925;2020-06-25 01:00:00;287.97232
926;2020-06-25 02:00:00;287.04117
927;2020-06-25 03:00:00;287.54703
928;2020-06-25 04:00:00;287.8424
929;2020-06-25 05:00:00;288.4292
930;2020-06-25 06:00:00;289.7142
931;2020-06-25 07:00:00;291.51846
932;2020-06-25 08:00:00;292.022
933;2020-06-25 09:00:00;293.43002
934;2020-06-25 10:00:00;295.20276
935;2020-06-25 11:00:00;295.6019
936;2020-06-25 12:00:00;298.71542
937;2020-06-25 13:00:00;299.32993
938;2020-06-25 14:00:00;300.10553
939;2020-06-25 15:00:00;300.02838
940;2020-06-25 16:00:00;299.1834
941;2020-06-25 17:00:00;298.5636
942;2020-06-25 18:00:00;297.69382
943;2020-06-25 19:00:00;296.14832
944;2020-06-25 20:00:00;294.8089
945;2020-06-25 21:00:00;293.90427
946;2020-06-25 22:00:00;292.93985
947;2020-06-25 23:00:00;291.82913
948;2020-06-26 00:00:00;291.02866
949;2020-06-26 01:00:00;290.25177
950;2020-06-26 02:00:00;289.5832
951;2020-06-26 03:00:00;288.75516
952;2020-06-26 04:00:00;288.5997
953;2020-06-26 05:00:00;289.50677
954;2020-06-26 06:00:00;291.1885
955;2020-06-26 07:00:00;293.35757
956;2020-06-26 08:00:00;295.47687
957;2020-06-26 09:00:00;297.3428
958;2020-06-26 10:00:00;299.15
959;2020-06-26 11:00:00;300.34363
960;2020-06-26 12:00:00;300.50732
961;2020-06-26 13:00:00;301.4595
962;2020-06-26 14:00:00;301.0083
963;2020-06-26 15:00:00;301.41815
964;2020-06-26 16:00:00;300.81567
965;2020-06-26 17:00:00;299.9907
966;2020-06-26 18:00:00;298.35907
967;2020-06-26 19:00:00;297.00208
968;2020-06-26 20:00:00;295.46466
969;2020-06-26 21:00:00;294.04758
970;2020-06-26 22:00:00;293.07642
971;2020-06-26 23:00:00;291.97507
972;2020-06-27 00:00:00;292.6704
973;2020-06-27 01:00:00;291.79462
974;2020-06-27 02:00:00;291.2141
975;2020-06-27 03:00:00;291.28528
976;2020-06-27 04:00:00;291.30322
977;2020-06-27 05:00:00;291.43613
978;2020-06-27 06:00:00;292.87994
979;2020-06-27 07:00:00;294.59946
980;2020-06-27 08:00:00;296.4292
981;2020-06-27 09:00:00;298.63483
982;2020-06-27 10:00:00;300.1103
983;2020-06-27 11:00:00;301.17133
984;2020-06-27 12:00:00;299.3204
985;2020-06-27 13:00:00;299.19528
986;2020-06-27 14:00:00;298.53732
987;2020-06-27 15:00:00;298.34937
988;2020-06-27 16:00:00;295.3588
989;2020-06-27 17:00:00;296.68195
990;2020-06-27 18:00:00;296.95755
991;2020-06-27 19:00:00;296.36758
992;2020-06-27 20:00:00;295.23227
993;2020-06-27 21:00:00;293.4577
994;2020-06-27 22:00:00;292.87122
995;2020-06-27 23:00:00;292.63113
996;2020-06-28 00:00:00;292.82504
997;2020-06-28 01:00:00;292.32098
998;2020-06-28 02:00:00;291.16336
999;2020-06-28 03:00:00;291.27402
1000;2020-06-28 04:00:00;291.1409
1001;2020-06-28 05:00:00;291.8347
1002;2020-06-28 06:00:00;292.50305
1003;2020-06-28 07:00:00;290.60504
1004;2020-06-28 08:00:00;291.0559
1005;2020-06-28 09:00:00;290.8057
1006;2020-06-28 10:00:00;292.8391
1007;2020-06-28 11:00:00;292.8511
1008;2020-06-28 12:00:00;292.57294
1009;2020-06-28 13:00:00;291.66257
1010;2020-06-28 14:00:00;293.5624
1011;2020-06-28 15:00:00;293.91937
1012;2020-06-28 16:00:00;294.21814
1013;2020-06-28 17:00:00;293.76904
1014;2020-06-28 18:00:00;292.84705
1015;2020-06-28 19:00:00;291.88562
1016;2020-06-28 20:00:00;290.54688
1017;2020-06-28 21:00:00;289.19525
1018;2020-06-28 22:00:00;288.2756
1019;2020-06-28 23:00:00;287.1639
1020;2020-06-29 00:00:00;287.3252
1021;2020-06-29 01:00:00;286.76312
1022;2020-06-29 02:00:00;286.23096
1023;2020-06-29 03:00:00;286.04993
1024;2020-06-29 04:00:00;286.5351
1025;2020-06-29 05:00:00;287.464
1026;2020-06-29 06:00:00;288.44357
1027;2020-06-29 07:00:00;289.75806
1028;2020-06-29 08:00:00;291.16705
1029;2020-06-29 09:00:00;292.31458
1030;2020-06-29 10:00:00;293.10913
1031;2020-06-29 11:00:00;293.12085
1032;2020-06-29 12:00:00;294.472
1033;2020-06-29 13:00:00;295.39172
1034;2020-06-29 14:00:00;295.28427
1035;2020-06-29 15:00:00;295.23492
1036;2020-06-29 16:00:00;294.79813
1037;2020-06-29 17:00:00;293.2393
1038;2020-06-29 18:00:00;291.50748
1039;2020-06-29 19:00:00;290.6334
1040;2020-06-29 20:00:00;290.03937
1041;2020-06-29 21:00:00;289.23422
1042;2020-06-29 22:00:00;288.48328
1043;2020-06-29 23:00:00;287.41428
1044;2020-06-30 00:00:00;286.9012
1045;2020-06-30 01:00:00;287.07657
1046;2020-06-30 02:00:00;287.30432
1047;2020-06-30 03:00:00;286.94424
1048;2020-06-30 04:00:00;286.7492
1049;2020-06-30 05:00:00;286.7725
1050;2020-06-30 06:00:00;286.25366
1051;2020-06-30 07:00:00;286.5033
1052;2020-06-30 08:00:00;286.69357
1053;2020-06-30 09:00:00;287.48843
1054;2020-06-30 10:00:00;287.0819
1055;2020-06-30 11:00:00;287.58246
1056;2020-06-30 12:00:00;289.0588
1057;2020-06-30 13:00:00;289.1471
1058;2020-06-30 14:00:00;288.72458
1059;2020-06-30 15:00:00;290.4381
1060;2020-06-30 16:00:00;289.81293
1061;2020-06-30 17:00:00;289.40024
1062;2020-06-30 18:00:00;290.05557
1063;2020-06-30 19:00:00;289.68805
1064;2020-06-30 20:00:00;289.65146
1065;2020-06-30 21:00:00;289.39035
1066;2020-06-30 22:00:00;289.01007
1067;2020-06-30 23:00:00;288.86624
1068;2020-07-01 00:00:00;288.57135
1069;2020-07-01 01:00:00;288.46844
1070;2020-07-01 02:00:00;288.48227
1071;2020-07-01 03:00:00;288.21548
1072;2020-07-01 04:00:00;288.33844
1073;2020-07-01 05:00:00;288.8019
1074;2020-07-01 06:00:00;289.3901
1075;2020-07-01 07:00:00;290.35748
1076;2020-07-01 08:00:00;291.3119
1077;2020-07-01 09:00:00;293.00745
1078;2020-07-01 10:00:00;292.1548
1079;2020-07-01 11:00:00;290.97495
1080;2020-07-01 12:00:00;290.464
1081;2020-07-01 13:00:00;292.12302
1082;2020-07-01 14:00:00;294.9149
1083;2020-07-01 15:00:00;295.29523
1084;2020-07-01 16:00:00;294.9015
1085;2020-07-01 17:00:00;294.6869
1086;2020-07-01 18:00:00;291.5592
1087;2020-07-01 19:00:00;291.32477
1088;2020-07-01 20:00:00;290.68655
1089;2020-07-01 21:00:00;290.07178
1090;2020-07-01 22:00:00;289.8301
1091;2020-07-01 23:00:00;289.11655
1092;2020-07-02 00:00:00;288.66425
1093;2020-07-02 01:00:00;288.09836
1094;2020-07-02 02:00:00;287.6062
1095;2020-07-02 03:00:00;288.1
1096;2020-07-02 04:00:00;287.54333
1097;2020-07-02 05:00:00;288.0442
1098;2020-07-02 06:00:00;288.67953
1099;2020-07-02 07:00:00;290.08487
1100;2020-07-02 08:00:00;289.60706
1101;2020-07-02 09:00:00;291.1405
1102;2020-07-02 10:00:00;290.33636
1103;2020-07-02 11:00:00;291.09824
1104;2020-07-02 12:00:00;289.98438
1105;2020-07-02 13:00:00;291.7371
1106;2020-07-02 14:00:00;292.426
1107;2020-07-02 15:00:00;293.20752
1108;2020-07-02 16:00:00;293.7073
1109;2020-07-02 17:00:00;293.50497
1110;2020-07-02 18:00:00;290.90295
1111;2020-07-02 19:00:00;290.0624
1112;2020-07-02 20:00:00;289.57944
1113;2020-07-02 21:00:00;289.3598
1114;2020-07-02 22:00:00;289.0792
1115;2020-07-02 23:00:00;288.86386
1116;2020-07-03 00:00:00;288.91086
1117;2020-07-03 01:00:00;288.81512
1118;2020-07-03 02:00:00;288.70844
1119;2020-07-03 03:00:00;288.0273
1120;2020-07-03 04:00:00;287.62466
1121;2020-07-03 05:00:00;287.67825
1122;2020-07-03 06:00:00;287.90234
1123;2020-07-03 07:00:00;288.48492
1124;2020-07-03 08:00:00;289.888
1125;2020-07-03 09:00:00;290.43958
1126;2020-07-03 10:00:00;292.1781
1127;2020-07-03 11:00:00;293.17706
1128;2020-07-03 12:00:00;294.3855
1129;2020-07-03 13:00:00;294.42184
1130;2020-07-03 14:00:00;293.743
1131;2020-07-03 15:00:00;292.78052
1132;2020-07-03 16:00:00;293.04785
1133;2020-07-03 17:00:00;292.04425
1134;2020-07-03 18:00:00;291.01062
1135;2020-07-03 19:00:00;290.42633
1136;2020-07-03 20:00:00;289.8889
1137;2020-07-03 21:00:00;289.6718
1138;2020-07-03 22:00:00;289.13412
1139;2020-07-03 23:00:00;288.7276
1140;2020-07-04 00:00:00;288.6843
1141;2020-07-04 01:00:00;288.46613
1142;2020-07-04 02:00:00;288.16495
1143;2020-07-04 03:00:00;288.15588
1144;2020-07-04 04:00:00;287.92972
1145;2020-07-04 05:00:00;287.5491
1146;2020-07-04 06:00:00;287.2607
1147;2020-07-04 07:00:00;287.14624
1148;2020-07-04 08:00:00;287.35843
1149;2020-07-04 09:00:00;287.38977
1150;2020-07-04 10:00:00;287.6822
1151;2020-07-04 11:00:00;287.94125
1152;2020-07-04 12:00:00;288.32074
1153;2020-07-04 13:00:00;288.63342
1154;2020-07-04 14:00:00;288.23434
1155;2020-07-04 15:00:00;288.4105
1156;2020-07-04 16:00:00;288.32016
1157;2020-07-04 17:00:00;288.05515
1158;2020-07-04 18:00:00;288.05338
1159;2020-07-04 19:00:00;288.11417
1160;2020-07-04 20:00:00;288.1446
1161;2020-07-04 21:00:00;288.32617
1162;2020-07-04 22:00:00;288.39896
1163;2020-07-04 23:00:00;288.47623
1164;2020-07-05 00:00:00;289.15067
1165;2020-07-05 01:00:00;289.29297
1166;2020-07-05 02:00:00;289.46954
1167;2020-07-05 03:00:00;289.3404
1168;2020-07-05 04:00:00;289.40405
1169;2020-07-05 05:00:00;289.4762
1170;2020-07-05 06:00:00;289.85358
1171;2020-07-05 07:00:00;290.2881
1172;2020-07-05 08:00:00;291.1322
1173;2020-07-05 09:00:00;290.71222
1174;2020-07-05 10:00:00;290.8006
1175;2020-07-05 11:00:00;290.79428
1176;2020-07-05 12:00:00;291.05063
1177;2020-07-05 13:00:00;291.31647
1178;2020-07-05 14:00:00;293.55145
1179;2020-07-05 15:00:00;294.79614
1180;2020-07-05 16:00:00;293.79678
1181;2020-07-05 17:00:00;292.04532
1182;2020-07-05 18:00:00;291.02966
1183;2020-07-05 19:00:00;290.31598
1184;2020-07-05 20:00:00;289.83276
1185;2020-07-05 21:00:00;288.8373
1186;2020-07-05 22:00:00;288.53134
1187;2020-07-05 23:00:00;288.1221
1188;2020-07-06 00:00:00;287.8477
1189;2020-07-06 01:00:00;287.77243
1190;2020-07-06 02:00:00;287.6139
1191;2020-07-06 03:00:00;286.9754
1192;2020-07-06 04:00:00;286.444
1193;2020-07-06 05:00:00;286.27432
1194;2020-07-06 06:00:00;287.46866
1195;2020-07-06 07:00:00;288.5265
1196;2020-07-06 08:00:00;289.3907
1197;2020-07-06 09:00:00;290.28082
1198;2020-07-06 10:00:00;291.2161
1199;2020-07-06 11:00:00;290.9226
1200;2020-07-06 12:00:00;289.43173
1201;2020-07-06 13:00:00;289.84705
1202;2020-07-06 14:00:00;290.3063
1203;2020-07-06 15:00:00;290.39423
1204;2020-07-06 16:00:00;289.9136
1205;2020-07-06 17:00:00;288.81433
1206;2020-07-06 18:00:00;288.14325
1207;2020-07-06 19:00:00;287.55078
1208;2020-07-06 20:00:00;286.8978
1209;2020-07-06 21:00:00;285.1108
1210;2020-07-06 22:00:00;284.47247
1211;2020-07-06 23:00:00;283.9668
1212;2020-07-07 00:00:00;283.51926
1213;2020-07-07 01:00:00;283.72406
1214;2020-07-07 02:00:00;283.12946
1215;2020-07-07 03:00:00;282.038
1216;2020-07-07 04:00:00;281.8737
1217;2020-07-07 05:00:00;282.37912
1218;2020-07-07 06:00:00;284.04886
1219;2020-07-07 07:00:00;285.9542
1220;2020-07-07 08:00:00;288.04053
1221;2020-07-07 09:00:00;289.05154
1222;2020-07-07 10:00:00;289.95657
1223;2020-07-07 11:00:00;290.7843
1224;2020-07-07 12:00:00;291.19754
1225;2020-07-07 13:00:00;289.77478
1226;2020-07-07 14:00:00;290.1756
1227;2020-07-07 15:00:00;289.1973
1228;2020-07-07 16:00:00;288.75598
1229;2020-07-07 17:00:00;287.71094
1230;2020-07-07 18:00:00;287.1732
1231;2020-07-07 19:00:00;286.74625
1232;2020-07-07 20:00:00;286.5369
1233;2020-07-07 21:00:00;286.30197
1234;2020-07-07 22:00:00;285.95065
1235;2020-07-07 23:00:00;285.4629
1236;2020-07-08 00:00:00;285.2399
1237;2020-07-08 01:00:00;285.07056
1238;2020-07-08 02:00:00;284.89395
1239;2020-07-08 03:00:00;284.34518
1240;2020-07-08 04:00:00;284.3475
1241;2020-07-08 05:00:00;284.57733
1242;2020-07-08 06:00:00;284.83038
1243;2020-07-08 07:00:00;285.21582
1244;2020-07-08 08:00:00;285.6542
1245;2020-07-08 09:00:00;286.9281
1246;2020-07-08 10:00:00;287.67654
1247;2020-07-08 11:00:00;288.61496
1248;2020-07-08 12:00:00;290.90244
1249;2020-07-08 13:00:00;290.30954
1250;2020-07-08 14:00:00;289.5646
1251;2020-07-08 15:00:00;290.70422
1252;2020-07-08 16:00:00;289.93457
1253;2020-07-08 17:00:00;289.4837
1254;2020-07-08 18:00:00;289.21606
1255;2020-07-08 19:00:00;288.10052
1256;2020-07-08 20:00:00;287.3567
1257;2020-07-08 21:00:00;285.85992
1258;2020-07-08 22:00:00;285.05856
1259;2020-07-08 23:00:00;284.9973
1260;2020-07-09 00:00:00;286.03012
1261;2020-07-09 01:00:00;285.98816
1262;2020-07-09 02:00:00;285.70444
1263;2020-07-09 03:00:00;285.29776
1264;2020-07-09 04:00:00;285.2316
1265;2020-07-09 05:00:00;285.42773
1266;2020-07-09 06:00:00;285.15836
1267;2020-07-09 07:00:00;285.22815
1268;2020-07-09 08:00:00;285.38647
1269;2020-07-09 09:00:00;284.96207
1270;2020-07-09 10:00:00;284.88513
1271;2020-07-09 11:00:00;284.97635
1272;2020-07-09 12:00:00;286.17413
1273;2020-07-09 13:00:00;286.04865
1274;2020-07-09 14:00:00;286.1556
1275;2020-07-09 15:00:00;285.8843
1276;2020-07-09 16:00:00;285.84198
1277;2020-07-09 17:00:00;285.73355
1278;2020-07-09 18:00:00;285.09277
1279;2020-07-09 19:00:00;285.156
1280;2020-07-09 20:00:00;285.16156
1281;2020-07-09 21:00:00;285.33755
1282;2020-07-09 22:00:00;285.33386
1283;2020-07-09 23:00:00;285.3145
1284;2020-07-10 00:00:00;285.16098
1285;2020-07-10 01:00:00;285.16733
1286;2020-07-10 02:00:00;285.2128
1287;2020-07-10 03:00:00;285.11362
1288;2020-07-10 04:00:00;285.06866
1289;2020-07-10 05:00:00;285.07675
1290;2020-07-10 06:00:00;285.04028
1291;2020-07-10 07:00:00;285.22565
1292;2020-07-10 08:00:00;285.45966
1293;2020-07-10 09:00:00;285.604
1294;2020-07-10 10:00:00;285.5166
1295;2020-07-10 11:00:00;284.73703
1296;2020-07-10 12:00:00;286.6956
1297;2020-07-10 13:00:00;285.82953
1298;2020-07-10 14:00:00;285.7139
1299;2020-07-10 15:00:00;285.2945
1300;2020-07-10 16:00:00;286.10553
1301;2020-07-10 17:00:00;287.3148
1302;2020-07-10 18:00:00;286.57242
1303;2020-07-10 19:00:00;285.33234
1304;2020-07-10 20:00:00;284.20364
1305;2020-07-10 21:00:00;283.71066
1306;2020-07-10 22:00:00;283.19266
1307;2020-07-10 23:00:00;283.16125
1308;2020-07-11 00:00:00;282.83118
1309;2020-07-11 01:00:00;282.49646
1310;2020-07-11 02:00:00;282.45398
1311;2020-07-11 03:00:00;282.96027
1312;2020-07-11 04:00:00;283.47968
1313;2020-07-11 05:00:00;283.7724
1314;2020-07-11 06:00:00;284.62186
1315;2020-07-11 07:00:00;286.2772
1316;2020-07-11 08:00:00;288.2137
1317;2020-07-11 09:00:00;289.27454
1318;2020-07-11 10:00:00;290.01352
1319;2020-07-11 11:00:00;289.52444
1320;2020-07-11 12:00:00;290.44553
1321;2020-07-11 13:00:00;289.85928
1322;2020-07-11 14:00:00;289.6752
1323;2020-07-11 15:00:00;290.82788
1324;2020-07-11 16:00:00;289.81857
1325;2020-07-11 17:00:00;289.45007
1326;2020-07-11 18:00:00;288.6163
1327;2020-07-11 19:00:00;287.37912
1328;2020-07-11 20:00:00;286.0914
1329;2020-07-11 21:00:00;285.10178
1330;2020-07-11 22:00:00;284.22046
1331;2020-07-11 23:00:00;284.16565
1332;2020-07-12 00:00:00;283.13336
1333;2020-07-12 01:00:00;283.3144
1334;2020-07-12 02:00:00;283.11594
1335;2020-07-12 03:00:00;282.9543
1336;2020-07-12 04:00:00;282.40173
1337;2020-07-12 05:00:00;283.23636
1338;2020-07-12 06:00:00;284.21756
1339;2020-07-12 07:00:00;286.47824
1340;2020-07-12 08:00:00;288.49722
1341;2020-07-12 09:00:00;289.62195
1342;2020-07-12 10:00:00;289.47977
1343;2020-07-12 11:00:00;290.55908
1344;2020-07-12 12:00:00;291.109
1345;2020-07-12 13:00:00;290.3073
1346;2020-07-12 14:00:00;289.5608
1347;2020-07-12 15:00:00;290.1948
1348;2020-07-12 16:00:00;290.4651
1349;2020-07-12 17:00:00;290.32083
1350;2020-07-12 18:00:00;289.7612
1351;2020-07-12 19:00:00;288.2536
1352;2020-07-12 20:00:00;286.83307
1353;2020-07-12 21:00:00;285.10168
1354;2020-07-12 22:00:00;284.3328
1355;2020-07-12 23:00:00;283.62082
1356;2020-07-13 00:00:00;283.83685
1357;2020-07-13 01:00:00;283.06494
1358;2020-07-13 02:00:00;282.761
1359;2020-07-13 03:00:00;282.20306
1360;2020-07-13 04:00:00;282.20502
1361;2020-07-13 05:00:00;282.93622
1362;2020-07-13 06:00:00;284.62772
1363;2020-07-13 07:00:00;286.57782
1364;2020-07-13 08:00:00;288.8026
1365;2020-07-13 09:00:00;290.88223
1366;2020-07-13 10:00:00;292.42105
1367;2020-07-13 11:00:00;293.88553
1368;2020-07-13 12:00:00;293.79553
1369;2020-07-13 13:00:00;294.3069
1370;2020-07-13 14:00:00;294.86517
1371;2020-07-13 15:00:00;294.66257
1372;2020-07-13 16:00:00;294.58224
1373;2020-07-13 17:00:00;293.57663
1374;2020-07-13 18:00:00;291.7527
1375;2020-07-13 19:00:00;290.1798
1376;2020-07-13 20:00:00;288.7471
1377;2020-07-13 21:00:00;287.9195
1378;2020-07-13 22:00:00;287.3532
1379;2020-07-13 23:00:00;287.08746
1380;2020-07-14 00:00:00;286.58075
1381;2020-07-14 01:00:00;286.16663
1382;2020-07-14 02:00:00;285.58755
1383;2020-07-14 03:00:00;284.50818
1384;2020-07-14 04:00:00;284.7915
1385;2020-07-14 05:00:00;285.68097
1386;2020-07-14 06:00:00;287.10043
1387;2020-07-14 07:00:00;289.38983
1388;2020-07-14 08:00:00;291.76004
1389;2020-07-14 09:00:00;293.46918
1390;2020-07-14 10:00:00;295.1365
1391;2020-07-14 11:00:00;295.4439
1392;2020-07-14 12:00:00;293.46912
1393;2020-07-14 13:00:00;293.0563
1394;2020-07-14 14:00:00;292.54718
1395;2020-07-14 15:00:00;291.58447
1396;2020-07-14 16:00:00;290.8758
1397;2020-07-14 17:00:00;290.27808
1398;2020-07-14 18:00:00;289.0621
1399;2020-07-14 19:00:00;288.30923
1400;2020-07-14 20:00:00;287.71136
1401;2020-07-14 21:00:00;287.9282
1402;2020-07-14 22:00:00;287.49677
1403;2020-07-14 23:00:00;287.3429
1404;2020-07-15 00:00:00;287.55756
1405;2020-07-15 01:00:00;287.37933
1406;2020-07-15 02:00:00;287.27078
1407;2020-07-15 03:00:00;287.13074
1408;2020-07-15 04:00:00;287.14426
1409;2020-07-15 05:00:00;287.2776
1410;2020-07-15 06:00:00;287.7198
1411;2020-07-15 07:00:00;288.2986
1412;2020-07-15 08:00:00;288.8412
1413;2020-07-15 09:00:00;291.2639
1414;2020-07-15 10:00:00;292.10086
1415;2020-07-15 11:00:00;293.39716
1416;2020-07-15 12:00:00;292.8659
1417;2020-07-15 13:00:00;292.8419
1418;2020-07-15 14:00:00;292.12894
1419;2020-07-15 15:00:00;292.72263
1420;2020-07-15 16:00:00;291.4872
1421;2020-07-15 17:00:00;290.806
1422;2020-07-15 18:00:00;289.5082
1423;2020-07-15 19:00:00;289.09387
1424;2020-07-15 20:00:00;288.81952
1425;2020-07-15 21:00:00;287.82425
1426;2020-07-15 22:00:00;287.48718
1427;2020-07-15 23:00:00;287.18073
1428;2020-07-16 00:00:00;287.0786
1429;2020-07-16 01:00:00;286.94366
1430;2020-07-16 02:00:00;286.54398
1431;2020-07-16 03:00:00;285.44193
1432;2020-07-16 04:00:00;285.21835
1433;2020-07-16 05:00:00;285.66467
1434;2020-07-16 06:00:00;285.9564
1435;2020-07-16 07:00:00;287.5642
1436;2020-07-16 08:00:00;289.46463
1437;2020-07-16 09:00:00;290.65805
1438;2020-07-16 10:00:00;290.98157
1439;2020-07-16 11:00:00;291.87012
1440;2020-07-16 12:00:00;291.84354
1441;2020-07-16 13:00:00;292.27087
1442;2020-07-16 14:00:00;293.3182
1443;2020-07-16 15:00:00;292.96716
1444;2020-07-16 16:00:00;292.6348
1445;2020-07-16 17:00:00;291.50046
1446;2020-07-16 18:00:00;291.10324
1447;2020-07-16 19:00:00;289.96902
1448;2020-07-16 20:00:00;288.85355
1449;2020-07-16 21:00:00;288.6128
1450;2020-07-16 22:00:00;288.11725
1451;2020-07-16 23:00:00;287.45895
1452;2020-07-17 00:00:00;286.96222
1453;2020-07-17 01:00:00;285.731
1454;2020-07-17 02:00:00;285.2676
1455;2020-07-17 03:00:00;284.9198
1456;2020-07-17 04:00:00;284.39685
1457;2020-07-17 05:00:00;284.90515
1458;2020-07-17 06:00:00;286.77512
1459;2020-07-17 07:00:00;288.6634
1460;2020-07-17 08:00:00;290.7926
1461;2020-07-17 09:00:00;292.6537
1462;2020-07-17 10:00:00;294.16556
1463;2020-07-17 11:00:00;294.95935
1464;2020-07-17 12:00:00;295.7522
1465;2020-07-17 13:00:00;295.26288
1466;2020-07-17 14:00:00;295.5124
1467;2020-07-17 15:00:00;295.84558
1468;2020-07-17 16:00:00;295.35803
1469;2020-07-17 17:00:00;294.65594
1470;2020-07-17 18:00:00;293.52164
1471;2020-07-17 19:00:00;292.38455
1472;2020-07-17 20:00:00;291.1375
1473;2020-07-17 21:00:00;289.60355
1474;2020-07-17 22:00:00;288.72452
1475;2020-07-17 23:00:00;288.48242
1476;2020-07-18 00:00:00;287.4138
1477;2020-07-18 01:00:00;286.9566
1478;2020-07-18 02:00:00;286.9021
1479;2020-07-18 03:00:00;286.51086
1480;2020-07-18 04:00:00;286.32626
1481;2020-07-18 05:00:00;286.8939
1482;2020-07-18 06:00:00;288.00192
1483;2020-07-18 07:00:00;290.13754
1484;2020-07-18 08:00:00;292.43448
1485;2020-07-18 09:00:00;294.73907
1486;2020-07-18 10:00:00;296.23788
1487;2020-07-18 11:00:00;297.06204
1488;2020-07-18 12:00:00;297.51913
1489;2020-07-18 13:00:00;296.5417
1490;2020-07-18 14:00:00;297.64038
1491;2020-07-18 15:00:00;297.5434
1492;2020-07-18 16:00:00;297.21576
1493;2020-07-18 17:00:00;297.02133
1494;2020-07-18 18:00:00;296.35977
1495;2020-07-18 19:00:00;295.12048
1496;2020-07-18 20:00:00;294.12488
1497;2020-07-18 21:00:00;293.316
1498;2020-07-18 22:00:00;292.40805
1499;2020-07-18 23:00:00;291.8675
1500;2020-07-19 00:00:00;290.50272
1501;2020-07-19 01:00:00;290.09256
1502;2020-07-19 02:00:00;290.1288
1503;2020-07-19 03:00:00;289.68887
1504;2020-07-19 04:00:00;289.68753
1505;2020-07-19 05:00:00;289.95044
1506;2020-07-19 06:00:00;290.27695
1507;2020-07-19 07:00:00;291.18762
1508;2020-07-19 08:00:00;292.589
1509;2020-07-19 09:00:00;293.5831
1510;2020-07-19 10:00:00;295.1386
1511;2020-07-19 11:00:00;295.9649
1512;2020-07-19 12:00:00;296.80447
1513;2020-07-19 13:00:00;294.90503
1514;2020-07-19 14:00:00;297.18048
1515;2020-07-19 15:00:00;298.03864
1516;2020-07-19 16:00:00;298.46194
1517;2020-07-19 17:00:00;297.9275
1518;2020-07-19 18:00:00;296.7088
1519;2020-07-19 19:00:00;295.00293
1520;2020-07-19 20:00:00;293.84885
1521;2020-07-19 21:00:00;292.5269
1522;2020-07-19 22:00:00;291.6716
1523;2020-07-19 23:00:00;290.68408
1524;2020-07-20 00:00:00;289.65607
1525;2020-07-20 01:00:00;289.35764
1526;2020-07-20 02:00:00;288.84402
1527;2020-07-20 03:00:00;289.1965
1528;2020-07-20 04:00:00;288.91684
1529;2020-07-20 05:00:00;289.41193
1530;2020-07-20 06:00:00;289.73117
1531;2020-07-20 07:00:00;289.00235
1532;2020-07-20 08:00:00;287.89474
1533;2020-07-20 09:00:00;289.59436
1534;2020-07-20 10:00:00;291.7443
1535;2020-07-20 11:00:00;292.90692
1536;2020-07-20 12:00:00;293.56543
1537;2020-07-20 13:00:00;294.21875
1538;2020-07-20 14:00:00;293.78427
1539;2020-07-20 15:00:00;293.7174
1540;2020-07-20 16:00:00;292.6993
1541;2020-07-20 17:00:00;291.79645
1542;2020-07-20 18:00:00;290.62497
1543;2020-07-20 19:00:00;289.45718
1544;2020-07-20 20:00:00;288.1088
1545;2020-07-20 21:00:00;286.84076
1546;2020-07-20 22:00:00;286.02084
1547;2020-07-20 23:00:00;285.11835
1548;2020-07-21 00:00:00;284.37497
1549;2020-07-21 01:00:00;284.0196
1550;2020-07-21 02:00:00;284.02338
1551;2020-07-21 03:00:00;283.58682
1552;2020-07-21 04:00:00;283.2279
1553;2020-07-21 05:00:00;284.23138
1554;2020-07-21 06:00:00;285.71628
1555;2020-07-21 07:00:00;287.81546
1556;2020-07-21 08:00:00;289.43198
1557;2020-07-21 09:00:00;290.89032
1558;2020-07-21 10:00:00;291.57056
1559;2020-07-21 11:00:00;291.157
1560;2020-07-21 12:00:00;291.61612
1561;2020-07-21 13:00:00;291.8343
1562;2020-07-21 14:00:00;293.13943
1563;2020-07-21 15:00:00;292.5603
1564;2020-07-21 16:00:00;292.52176
1565;2020-07-21 17:00:00;291.8736
1566;2020-07-21 18:00:00;290.43567
1567;2020-07-21 19:00:00;289.11227
1568;2020-07-21 20:00:00;288.0224
1569;2020-07-21 21:00:00;286.90137
1570;2020-07-21 22:00:00;286.31158
1571;2020-07-21 23:00:00;285.30313
1572;2020-07-22 00:00:00;284.05807
1573;2020-07-22 01:00:00;283.85068
1574;2020-07-22 02:00:00;283.52783
1575;2020-07-22 03:00:00;282.97372
1576;2020-07-22 04:00:00;282.91205
1577;2020-07-22 05:00:00;283.66788
1578;2020-07-22 06:00:00;284.63727
1579;2020-07-22 07:00:00;286.64694
1580;2020-07-22 08:00:00;289.08133
1581;2020-07-22 09:00:00;290.8526
1582;2020-07-22 10:00:00;292.37375
1583;2020-07-22 11:00:00;292.54462
1584;2020-07-22 12:00:00;291.6702
1585;2020-07-22 13:00:00;292.54868
1586;2020-07-22 14:00:00;292.56323
1587;2020-07-22 15:00:00;292.33975
1588;2020-07-22 16:00:00;291.83392
1589;2020-07-22 17:00:00;291.07364
1590;2020-07-22 18:00:00;290.60205
1591;2020-07-22 19:00:00;289.61902
1592;2020-07-22 20:00:00;288.6438
1593;2020-07-22 21:00:00;287.61975
1594;2020-07-22 22:00:00;286.9086
1595;2020-07-22 23:00:00;286.49628
1596;2020-07-23 00:00:00;285.7741
1597;2020-07-23 01:00:00;285.70328
1598;2020-07-23 02:00:00;285.49994
1599;2020-07-23 03:00:00;285.33652
1600;2020-07-23 04:00:00;285.41718
1601;2020-07-23 05:00:00;285.79645
1602;2020-07-23 06:00:00;286.54736
1603;2020-07-23 07:00:00;287.8247
1604;2020-07-23 08:00:00;289.51196
1605;2020-07-23 09:00:00;291.3968
1606;2020-07-23 10:00:00;292.09857
1607;2020-07-23 11:00:00;292.67752
1608;2020-07-23 12:00:00;293.33762
1609;2020-07-23 13:00:00;292.6605
1610;2020-07-23 14:00:00;292.32983
1611;2020-07-23 15:00:00;292.82605
1612;2020-07-23 16:00:00;291.855
1613;2020-07-23 17:00:00;291.9037
1614;2020-07-23 18:00:00;291.2479
1615;2020-07-23 19:00:00;290.96786
1616;2020-07-23 20:00:00;290.70978
1617;2020-07-23 21:00:00;290.5142
1618;2020-07-23 22:00:00;289.95285
1619;2020-07-23 23:00:00;290.38464
1620;2020-07-24 00:00:00;290.15057
1621;2020-07-24 01:00:00;289.76486
1622;2020-07-24 02:00:00;289.67773
1623;2020-07-24 03:00:00;289.16235
1624;2020-07-24 04:00:00;288.98303
1625;2020-07-24 05:00:00;289.2603
1626;2020-07-24 06:00:00;289.69293
1627;2020-07-24 07:00:00;290.4642
1628;2020-07-24 08:00:00;291.18253
1629;2020-07-24 09:00:00;290.64453
1630;2020-07-24 10:00:00;290.92114
1631;2020-07-24 11:00:00;291.95828
1632;2020-07-24 12:00:00;293.18353
1633;2020-07-24 13:00:00;294.31378
1634;2020-07-24 14:00:00;295.501
1635;2020-07-24 15:00:00;295.56183
1636;2020-07-24 16:00:00;294.76724
1637;2020-07-24 17:00:00;293.5231
1638;2020-07-24 18:00:00;292.46228
1639;2020-07-24 19:00:00;291.17505
1640;2020-07-24 20:00:00;289.97827
1641;2020-07-24 21:00:00;288.62766
1642;2020-07-24 22:00:00;287.97952
1643;2020-07-24 23:00:00;287.64594
1644;2020-07-25 00:00:00;286.94507
1645;2020-07-25 01:00:00;287.06018
1646;2020-07-25 02:00:00;287.3353
1647;2020-07-25 03:00:00;287.06924
1648;2020-07-25 04:00:00;287.28073
1649;2020-07-25 05:00:00;287.54584
1650;2020-07-25 06:00:00;288.191
1651;2020-07-25 07:00:00;289.44983
1652;2020-07-25 08:00:00;290.8175
1653;2020-07-25 09:00:00;291.82986
1654;2020-07-25 10:00:00;292.76706
1655;2020-07-25 11:00:00;293.3363
1656;2020-07-25 12:00:00;296.0011
1657;2020-07-25 13:00:00;295.39612
1658;2020-07-25 14:00:00;296.07516
1659;2020-07-25 15:00:00;296.55478
1660;2020-07-25 16:00:00;295.23975
1661;2020-07-25 17:00:00;293.3686
1662;2020-07-25 18:00:00;292.57776
1663;2020-07-25 19:00:00;292.1158
1664;2020-07-25 20:00:00;291.6141
1665;2020-07-25 21:00:00;291.27005
1666;2020-07-25 22:00:00;290.7966
1667;2020-07-25 23:00:00;290.55664
1668;2020-07-26 00:00:00;290.32965
1669;2020-07-26 01:00:00;290.36368
1670;2020-07-26 02:00:00;290.71893
1671;2020-07-26 03:00:00;290.614
1672;2020-07-26 04:00:00;290.65567
1673;2020-07-26 05:00:00;290.01318
1674;2020-07-26 06:00:00;290.82645
1675;2020-07-26 07:00:00;290.1979
1676;2020-07-26 08:00:00;290.19543
1677;2020-07-26 09:00:00;290.8796
1678;2020-07-26 10:00:00;291.44684
1679;2020-07-26 11:00:00;292.70377
1680;2020-07-26 12:00:00;293.92706
1681;2020-07-26 13:00:00;293.28802
1682;2020-07-26 14:00:00;294.99368
1683;2020-07-26 15:00:00;293.61942
1684;2020-07-26 16:00:00;294.3543
1685;2020-07-26 17:00:00;290.68387
1686;2020-07-26 18:00:00;291.9515
1687;2020-07-26 19:00:00;291.453
1688;2020-07-26 20:00:00;290.7141
1689;2020-07-26 21:00:00;289.66232
1690;2020-07-26 22:00:00;289.21548
1691;2020-07-26 23:00:00;288.9477
1692;2020-07-27 00:00:00;287.92654
1693;2020-07-27 01:00:00;287.60233
1694;2020-07-27 02:00:00;287.28934
1695;2020-07-27 03:00:00;285.64157
1696;2020-07-27 04:00:00;285.50174
1697;2020-07-27 05:00:00;285.97772
1698;2020-07-27 06:00:00;287.6013
1699;2020-07-27 07:00:00;288.59003
1700;2020-07-27 08:00:00;289.88373
1701;2020-07-27 09:00:00;291.5313
1702;2020-07-27 10:00:00;293.1224
1703;2020-07-27 11:00:00;294.81784
1704;2020-07-27 12:00:00;294.04745
1705;2020-07-27 13:00:00;294.4348
1706;2020-07-27 14:00:00;293.7514
1707;2020-07-27 15:00:00;293.22372
1708;2020-07-27 16:00:00;293.1428
1709;2020-07-27 17:00:00;292.49222
1710;2020-07-27 18:00:00;291.60226
1711;2020-07-27 19:00:00;291.04266
1712;2020-07-27 20:00:00;290.47528
1713;2020-07-27 21:00:00;290.02716
1714;2020-07-27 22:00:00;290.28552
1715;2020-07-27 23:00:00;290.19238
1716;2020-07-28 00:00:00;288.56778
1717;2020-07-28 01:00:00;288.06192
1718;2020-07-28 02:00:00;288.5228
1719;2020-07-28 03:00:00;289.5114
1720;2020-07-28 04:00:00;289.22543
1721;2020-07-28 05:00:00;290.22556
1722;2020-07-28 06:00:00;291.06796
1723;2020-07-28 07:00:00;291.41333
1724;2020-07-28 08:00:00;291.75977
1725;2020-07-28 09:00:00;292.8359
1726;2020-07-28 10:00:00;293.5666
1727;2020-07-28 11:00:00;293.24677
1728;2020-07-28 12:00:00;293.49213
1729;2020-07-28 13:00:00;295.06714
1730;2020-07-28 14:00:00;295.7311
1731;2020-07-28 15:00:00;295.07178
1732;2020-07-28 16:00:00;293.76352
1733;2020-07-28 17:00:00;292.33328
1734;2020-07-28 18:00:00;291.59384
1735;2020-07-28 19:00:00;290.21906
1736;2020-07-28 20:00:00;289.17288
1737;2020-07-28 21:00:00;289.06674
1738;2020-07-28 22:00:00;287.94257
1739;2020-07-28 23:00:00;287.33392
1740;2020-07-29 00:00:00;286.41364
1741;2020-07-29 01:00:00;286.109
1742;2020-07-29 02:00:00;285.7596
1743;2020-07-29 03:00:00;285.4704
1744;2020-07-29 04:00:00;285.47995
1745;2020-07-29 05:00:00;286.181
1746;2020-07-29 06:00:00;287.32697
1747;2020-07-29 07:00:00;288.83203
1748;2020-07-29 08:00:00;290.2824
1749;2020-07-29 09:00:00;291.49124
1750;2020-07-29 10:00:00;291.99942
1751;2020-07-29 11:00:00;292.5761
1752;2020-07-29 12:00:00;292.97733
1753;2020-07-29 13:00:00;293.85022
1754;2020-07-29 14:00:00;293.3168
1755;2020-07-29 15:00:00;293.88763
1756;2020-07-29 16:00:00;292.07794
1757;2020-07-29 17:00:00;291.12375
1758;2020-07-29 18:00:00;290.02634
1759;2020-07-29 19:00:00;288.84555
1760;2020-07-29 20:00:00;287.92325
1761;2020-07-29 21:00:00;286.84702
1762;2020-07-29 22:00:00;285.8691
1763;2020-07-29 23:00:00;285.36304
1764;2020-07-30 00:00:00;284.32675
1765;2020-07-30 01:00:00;283.6266
1766;2020-07-30 02:00:00;282.91922
1767;2020-07-30 03:00:00;282.6586
1768;2020-07-30 04:00:00;282.27362
1769;2020-07-30 05:00:00;283.08725
1770;2020-07-30 06:00:00;284.3194
1771;2020-07-30 07:00:00;286.8115
1772;2020-07-30 08:00:00;289.04645
1773;2020-07-30 09:00:00;290.99554
1774;2020-07-30 10:00:00;292.4374
1775;2020-07-30 11:00:00;293.55054
1776;2020-07-30 12:00:00;293.73837
1777;2020-07-30 13:00:00;293.88965
1778;2020-07-30 14:00:00;294.1912
1779;2020-07-30 15:00:00;294.62387
1780;2020-07-30 16:00:00;293.37836
1781;2020-07-30 17:00:00;292.36902
1782;2020-07-30 18:00:00;291.1666
1783;2020-07-30 19:00:00;290.02307
1784;2020-07-30 20:00:00;289.2186
1785;2020-07-30 21:00:00;288.5349
1786;2020-07-30 22:00:00;288.32486
1787;2020-07-30 23:00:00;288.3674
1788;2020-07-31 00:00:00;287.58517
1789;2020-07-31 01:00:00;287.3011
1790;2020-07-31 02:00:00;287.37717
1791;2020-07-31 03:00:00;287.26328
1792;2020-07-31 04:00:00;287.33005
1793;2020-07-31 05:00:00;287.6859
1794;2020-07-31 06:00:00;288.2471
1795;2020-07-31 07:00:00;289.69067
1796;2020-07-31 08:00:00;291.64444
1797;2020-07-31 09:00:00;293.66638
1798;2020-07-31 10:00:00;295.22592
1799;2020-07-31 11:00:00;296.41367
1800;2020-07-31 12:00:00;296.9117
1801;2020-07-31 13:00:00;297.2548
1802;2020-07-31 14:00:00;297.7322
1803;2020-07-31 15:00:00;297.89127
1804;2020-07-31 16:00:00;296.92047
1805;2020-07-31 17:00:00;295.88565
1806;2020-07-31 18:00:00;294.8221
1807;2020-07-31 19:00:00;292.9724
1808;2020-07-31 20:00:00;291.38348
1809;2020-07-31 21:00:00;289.81738
1810;2020-07-31 22:00:00;288.6505
1811;2020-07-31 23:00:00;288.0941
1812;2020-08-01 00:00:00;287.96362
1813;2020-08-01 01:00:00;287.58307
1814;2020-08-01 02:00:00;286.79193
1815;2020-08-01 03:00:00;286.6146
1816;2020-08-01 04:00:00;286.40326
1817;2020-08-01 05:00:00;286.9736
1818;2020-08-01 06:00:00;288.39246
1819;2020-08-01 07:00:00;290.5274
1820;2020-08-01 08:00:00;292.89914
1821;2020-08-01 09:00:00;295.1681
1822;2020-08-01 10:00:00;296.9866
1823;2020-08-01 11:00:00;299.30072
1824;2020-08-01 12:00:00;300.39514
1825;2020-08-01 13:00:00;300.10294
1826;2020-08-01 14:00:00;299.7022
1827;2020-08-01 15:00:00;297.67026
1828;2020-08-01 16:00:00;296.38947
1829;2020-08-01 17:00:00;296.45074
1830;2020-08-01 18:00:00;297.1831
1831;2020-08-01 19:00:00;296.4098
1832;2020-08-01 20:00:00;295.4977
1833;2020-08-01 21:00:00;294.53848
1834;2020-08-01 22:00:00;293.59818
1835;2020-08-01 23:00:00;293.2359
1836;2020-08-02 00:00:00;292.7103
1837;2020-08-02 01:00:00;292.25012
1838;2020-08-02 02:00:00;291.9221
1839;2020-08-02 03:00:00;291.7562
1840;2020-08-02 04:00:00;291.33716
1841;2020-08-02 05:00:00;290.84103
1842;2020-08-02 06:00:00;290.69073
1843;2020-08-02 07:00:00;291.5001
1844;2020-08-02 08:00:00;292.58868
1845;2020-08-02 09:00:00;293.12726
1846;2020-08-02 10:00:00;294.85583
1847;2020-08-02 11:00:00;296.25278
1848;2020-08-02 12:00:00;296.5879
1849;2020-08-02 13:00:00;297.59268
1850;2020-08-02 14:00:00;298.17996
1851;2020-08-02 15:00:00;298.16977
1852;2020-08-02 16:00:00;297.58502
1853;2020-08-02 17:00:00;294.88684
1854;2020-08-02 18:00:00;292.98907
1855;2020-08-02 19:00:00;291.8276
1856;2020-08-02 20:00:00;291.26694
1857;2020-08-02 21:00:00;290.56638
1858;2020-08-02 22:00:00;289.35468
1859;2020-08-02 23:00:00;288.0065
1860;2020-08-03 00:00:00;286.9186
1861;2020-08-03 01:00:00;286.0106
1862;2020-08-03 02:00:00;285.31793
1863;2020-08-03 03:00:00;284.50565
1864;2020-08-03 04:00:00;284.14017
1865;2020-08-03 05:00:00;284.53687
1866;2020-08-03 06:00:00;285.80893
1867;2020-08-03 07:00:00;288.13455
1868;2020-08-03 08:00:00;290.42227
1869;2020-08-03 09:00:00;292.09692
1870;2020-08-03 10:00:00;293.22116
1871;2020-08-03 11:00:00;293.8651
1872;2020-08-03 12:00:00;294.2663
1873;2020-08-03 13:00:00;294.93854
1874;2020-08-03 14:00:00;294.00406
1875;2020-08-03 15:00:00;294.18646
1876;2020-08-03 16:00:00;293.63916
1877;2020-08-03 17:00:00;293.1935
1878;2020-08-03 18:00:00;292.13263
1879;2020-08-03 19:00:00;291.10568
1880;2020-08-03 20:00:00;289.74963
1881;2020-08-03 21:00:00;288.64264
1882;2020-08-03 22:00:00;287.57373
1883;2020-08-03 23:00:00;286.61047
1884;2020-08-04 00:00:00;286.85052
1885;2020-08-04 01:00:00;285.98004
1886;2020-08-04 02:00:00;285.22363
1887;2020-08-04 03:00:00;284.53748
1888;2020-08-04 04:00:00;283.8058
1889;2020-08-04 05:00:00;283.94653
1890;2020-08-04 06:00:00;285.4597
1891;2020-08-04 07:00:00;287.26685
1892;2020-08-04 08:00:00;289.38382
1893;2020-08-04 09:00:00;291.31973
1894;2020-08-04 10:00:00;292.5818
1895;2020-08-04 11:00:00;293.60767
1896;2020-08-04 12:00:00;294.37213
1897;2020-08-04 13:00:00;294.95117
1898;2020-08-04 14:00:00;294.8313
1899;2020-08-04 15:00:00;294.9515
1900;2020-08-04 16:00:00;294.82053
1901;2020-08-04 17:00:00;293.91235
1902;2020-08-04 18:00:00;292.68753
1903;2020-08-04 19:00:00;291.72986
1904;2020-08-04 20:00:00;290.2283
1905;2020-08-04 21:00:00;288.2565
1906;2020-08-04 22:00:00;287.96738
1907;2020-08-04 23:00:00;287.92953
1908;2020-08-05 00:00:00;287.5462
1909;2020-08-05 01:00:00;287.54834
1910;2020-08-05 02:00:00;287.42242
1911;2020-08-05 03:00:00;286.86777
1912;2020-08-05 04:00:00;286.84818
1913;2020-08-05 05:00:00;287.51117
1914;2020-08-05 06:00:00;288.27026
1915;2020-08-05 07:00:00;290.1307
1916;2020-08-05 08:00:00;292.3716
1917;2020-08-05 09:00:00;294.52847
1918;2020-08-05 10:00:00;296.1512
1919;2020-08-05 11:00:00;297.7071
1920;2020-08-05 12:00:00;298.78574
1921;2020-08-05 13:00:00;299.74002
1922;2020-08-05 14:00:00;299.78442
1923;2020-08-05 15:00:00;299.61862
1924;2020-08-05 16:00:00;298.99747
1925;2020-08-05 17:00:00;298.15662
1926;2020-08-05 18:00:00;296.8687
1927;2020-08-05 19:00:00;295.7539
1928;2020-08-05 20:00:00;294.42218
1929;2020-08-05 21:00:00;292.51434
1930;2020-08-05 22:00:00;291.43176
1931;2020-08-05 23:00:00;291.13324
1932;2020-08-06 00:00:00;290.28284
1933;2020-08-06 01:00:00;289.34128
1934;2020-08-06 02:00:00;289.41953
1935;2020-08-06 03:00:00;288.49402
1936;2020-08-06 04:00:00;288.0768
1937;2020-08-06 05:00:00;288.0547
1938;2020-08-06 06:00:00;289.42035
1939;2020-08-06 07:00:00;291.76456
1940;2020-08-06 08:00:00;294.53226
1941;2020-08-06 09:00:00;297.24844
1942;2020-08-06 10:00:00;299.33804
1943;2020-08-06 11:00:00;301.1775
1944;2020-08-06 12:00:00;302.49933
1945;2020-08-06 13:00:00;303.35965
1946;2020-08-06 14:00:00;303.71063
1947;2020-08-06 15:00:00;303.1437
1948;2020-08-06 16:00:00;302.26553
1949;2020-08-06 17:00:00;300.88303
1950;2020-08-06 18:00:00;299.20816
1951;2020-08-06 19:00:00;297.68134
1952;2020-08-06 20:00:00;296.31073
1953;2020-08-06 21:00:00;294.86337
1954;2020-08-06 22:00:00;293.88696
1955;2020-08-06 23:00:00;292.82663
1956;2020-08-07 00:00:00;291.81177
1957;2020-08-07 01:00:00;291.47824
1958;2020-08-07 02:00:00;290.45813
1959;2020-08-07 03:00:00;289.7705
1960;2020-08-07 04:00:00;288.6932
1961;2020-08-07 05:00:00;288.5741
1962;2020-08-07 06:00:00;289.95996
1963;2020-08-07 07:00:00;292.07767
1964;2020-08-07 08:00:00;294.47275
1965;2020-08-07 09:00:00;297.3836
1966;2020-08-07 10:00:00;299.4334
1967;2020-08-07 11:00:00;301.25412
1968;2020-08-07 12:00:00;302.38528
1969;2020-08-07 13:00:00;303.07556
1970;2020-08-07 14:00:00;302.86145
1971;2020-08-07 15:00:00;303.1319
1972;2020-08-07 16:00:00;302.66342
1973;2020-08-07 17:00:00;301.58124
1974;2020-08-07 18:00:00;300.17786
1975;2020-08-07 19:00:00;298.60385
1976;2020-08-07 20:00:00;297.26807
1977;2020-08-07 21:00:00;296.3131
1978;2020-08-07 22:00:00;295.79977
1979;2020-08-07 23:00:00;294.94852
1980;2020-08-08 00:00:00;293.99887
1981;2020-08-08 01:00:00;293.4131
1982;2020-08-08 02:00:00;292.9475
1983;2020-08-08 03:00:00;292.32382
1984;2020-08-08 04:00:00;291.9957
1985;2020-08-08 05:00:00;292.2571
1986;2020-08-08 06:00:00;293.28244
1987;2020-08-08 07:00:00;295.24313
1988;2020-08-08 08:00:00;297.60068
1989;2020-08-08 09:00:00;299.9503
1990;2020-08-08 10:00:00;302.19894
1991;2020-08-08 11:00:00;304.0409
1992;2020-08-08 12:00:00;304.23532
1993;2020-08-08 13:00:00;304.94373
1994;2020-08-08 14:00:00;304.51285
1995;2020-08-08 15:00:00;304.46893
1996;2020-08-08 16:00:00;303.29526
1997;2020-08-08 17:00:00;301.568
1998;2020-08-08 18:00:00;300.34085
1999;2020-08-08 19:00:00;298.7957
2000;2020-08-08 20:00:00;297.9398
2001;2020-08-08 21:00:00;296.27502
2002;2020-08-08 22:00:00;296.58292
2003;2020-08-08 23:00:00;295.75122
2004;2020-08-09 00:00:00;294.57077
2005;2020-08-09 01:00:00;294.03412
2006;2020-08-09 02:00:00;293.4729
2007;2020-08-09 03:00:00;292.8303
2008;2020-08-09 04:00:00;292.67905
2009;2020-08-09 05:00:00;292.98587
2010;2020-08-09 06:00:00;293.99384
2011;2020-08-09 07:00:00;295.8207
2012;2020-08-09 08:00:00;298.01608
2013;2020-08-09 09:00:00;299.3184
2014;2020-08-09 10:00:00;300.73138
2015;2020-08-09 11:00:00;301.82953
2016;2020-08-09 12:00:00;302.62418
2017;2020-08-09 13:00:00;302.975
2018;2020-08-09 14:00:00;302.587
2019;2020-08-09 15:00:00;301.10437
2020;2020-08-09 16:00:00;300.2554
2021;2020-08-09 17:00:00;299.33478
2022;2020-08-09 18:00:00;298.33026
2023;2020-08-09 19:00:00;297.1312
2024;2020-08-09 20:00:00;296.25644
2025;2020-08-09 21:00:00;295.30142
2026;2020-08-09 22:00:00;294.3453
2027;2020-08-09 23:00:00;293.49234
2028;2020-08-10 00:00:00;293.2304
2029;2020-08-10 01:00:00;292.2092
2030;2020-08-10 02:00:00;292.18417
2031;2020-08-10 03:00:00;292.2903
2032;2020-08-10 04:00:00;292.22363
2033;2020-08-10 05:00:00;292.61392
2034;2020-08-10 06:00:00;294.3416
2035;2020-08-10 07:00:00;296.43506
2036;2020-08-10 08:00:00;298.2674
2037;2020-08-10 09:00:00;300.19315
2038;2020-08-10 10:00:00;302.0322
2039;2020-08-10 11:00:00;303.75314
2040;2020-08-10 12:00:00;304.70834
2041;2020-08-10 13:00:00;305.43777
2042;2020-08-10 14:00:00;305.35287
2043;2020-08-10 15:00:00;304.74722
2044;2020-08-10 16:00:00;303.10202
2045;2020-08-10 17:00:00;296.9904
2046;2020-08-10 18:00:00;299.06244
2047;2020-08-10 19:00:00;298.09763
2048;2020-08-10 20:00:00;296.9208
2049;2020-08-10 21:00:00;296.11456
2050;2020-08-10 22:00:00;295.03796
2051;2020-08-10 23:00:00;294.38443
2052;2020-08-11 00:00:00;293.6299
2053;2020-08-11 01:00:00;293.19714
2054;2020-08-11 02:00:00;292.24442
2055;2020-08-11 03:00:00;291.3892
2056;2020-08-11 04:00:00;290.85013
2057;2020-08-11 05:00:00;291.5614
2058;2020-08-11 06:00:00;293.02942
2059;2020-08-11 07:00:00;294.83524
2060;2020-08-11 08:00:00;297.01224
2061;2020-08-11 09:00:00;299.33777
2062;2020-08-11 10:00:00;301.1434
2063;2020-08-11 11:00:00;302.34256
2064;2020-08-11 12:00:00;303.1363
2065;2020-08-11 13:00:00;303.66632
2066;2020-08-11 14:00:00;303.78845
2067;2020-08-11 15:00:00;303.39224
2068;2020-08-11 16:00:00;302.2958
2069;2020-08-11 17:00:00;300.62073
2070;2020-08-11 18:00:00;299.01266
2071;2020-08-11 19:00:00;297.37253
2072;2020-08-11 20:00:00;295.82727
2073;2020-08-11 21:00:00;294.2282
2074;2020-08-11 22:00:00;293.00516
2075;2020-08-11 23:00:00;291.95093
2076;2020-08-12 00:00:00;291.02985
2077;2020-08-12 01:00:00;290.39755
2078;2020-08-12 02:00:00;290.295
2079;2020-08-12 03:00:00;289.69098
2080;2020-08-12 04:00:00;290.10553
2081;2020-08-12 05:00:00;290.21854
2082;2020-08-12 06:00:00;290.84888
2083;2020-08-12 07:00:00;292.88785
2084;2020-08-12 08:00:00;295.42926
2085;2020-08-12 09:00:00;297.92523
2086;2020-08-12 10:00:00;300.15332
2087;2020-08-12 11:00:00;301.80405
2088;2020-08-12 12:00:00;303.45856
2089;2020-08-12 13:00:00;303.78864
2090;2020-08-12 14:00:00;303.52765
2091;2020-08-12 15:00:00;303.76477
2092;2020-08-12 16:00:00;301.97073
2093;2020-08-12 17:00:00;301.00018
2094;2020-08-12 18:00:00;299.3875
2095;2020-08-12 19:00:00;297.8085
2096;2020-08-12 20:00:00;296.6497
2097;2020-08-12 21:00:00;295.5049
2098;2020-08-12 22:00:00;294.2349
2099;2020-08-12 23:00:00;293.08826
2100;2020-08-13 00:00:00;291.6312
2101;2020-08-13 01:00:00;290.94928
2102;2020-08-13 02:00:00;290.695
2103;2020-08-13 03:00:00;290.2485
2104;2020-08-13 04:00:00;289.6623
2105;2020-08-13 05:00:00;289.60947
2106;2020-08-13 06:00:00;291.43338
2107;2020-08-13 07:00:00;293.0492
2108;2020-08-13 08:00:00;294.3359
2109;2020-08-13 09:00:00;296.1909
2110;2020-08-13 10:00:00;298.30054
2111;2020-08-13 11:00:00;299.31494
2112;2020-08-13 12:00:00;300.7431
2113;2020-08-13 13:00:00;301.5942
2114;2020-08-13 14:00:00;301.5696
2115;2020-08-13 15:00:00;302.50937
2116;2020-08-13 16:00:00;301.78336
2117;2020-08-13 17:00:00;300.41714
2118;2020-08-13 18:00:00;299.4298
2119;2020-08-13 19:00:00;297.74155
2120;2020-08-13 20:00:00;296.7147
2121;2020-08-13 21:00:00;296.10068
2122;2020-08-13 22:00:00;295.13583
2123;2020-08-13 23:00:00;294.4676
2124;2020-08-14 00:00:00;292.98508
2125;2020-08-14 01:00:00;292.64017
2126;2020-08-14 02:00:00;292.006
2127;2020-08-14 03:00:00;291.29932
2128;2020-08-14 04:00:00;291.24463
2129;2020-08-14 05:00:00;291.6154
2130;2020-08-14 06:00:00;291.84702
2131;2020-08-14 07:00:00;293.5243
2132;2020-08-14 08:00:00;295.17957
2133;2020-08-14 09:00:00;298.00754
2134;2020-08-14 10:00:00;299.9169
2135;2020-08-14 11:00:00;301.2557
2136;2020-08-14 12:00:00;302.01895
2137;2020-08-14 13:00:00;302.39087
2138;2020-08-14 14:00:00;302.6576
2139;2020-08-14 15:00:00;302.2119
2140;2020-08-14 16:00:00;301.87085
2141;2020-08-14 17:00:00;299.7657
2142;2020-08-14 18:00:00;299.38483
2143;2020-08-14 19:00:00;297.9086
2144;2020-08-14 20:00:00;296.23975
2145;2020-08-14 21:00:00;294.68668
2146;2020-08-14 22:00:00;293.8451
2147;2020-08-14 23:00:00;293.1626
2148;2020-08-15 00:00:00;292.15958
2149;2020-08-15 01:00:00;291.51813
2150;2020-08-15 02:00:00;291.07333
2151;2020-08-15 03:00:00;290.46735
2152;2020-08-15 04:00:00;290.42126
2153;2020-08-15 05:00:00;290.4361
2154;2020-08-15 06:00:00;292.07468
2155;2020-08-15 07:00:00;294.21814
2156;2020-08-15 08:00:00;296.63593
2157;2020-08-15 09:00:00;298.6344
2158;2020-08-15 10:00:00;300.4272
2159;2020-08-15 11:00:00;301.95612
2160;2020-08-15 12:00:00;303.04016
2161;2020-08-15 13:00:00;303.767
2162;2020-08-15 14:00:00;303.82962
2163;2020-08-15 15:00:00;303.4853
2164;2020-08-15 16:00:00;302.64447
2165;2020-08-15 17:00:00;301.40503
2166;2020-08-15 18:00:00;299.78644
2167;2020-08-15 19:00:00;298.13715
2168;2020-08-15 20:00:00;296.66458
2169;2020-08-15 21:00:00;295.97055
2170;2020-08-15 22:00:00;294.76715
2171;2020-08-15 23:00:00;293.77545
2172;2020-08-16 00:00:00;292.89334
2173;2020-08-16 01:00:00;292.47345
2174;2020-08-16 02:00:00;292.03125
2175;2020-08-16 03:00:00;291.4983
2176;2020-08-16 04:00:00;291.35333
2177;2020-08-16 05:00:00;291.06586
2178;2020-08-16 06:00:00;292.37793
2179;2020-08-16 07:00:00;294.3784
2180;2020-08-16 08:00:00;296.75024
2181;2020-08-16 09:00:00;299.1533
2182;2020-08-16 10:00:00;301.54388
2183;2020-08-16 11:00:00;302.82153
2184;2020-08-16 12:00:00;303.62387
2185;2020-08-16 13:00:00;304.58383
2186;2020-08-16 14:00:00;304.066
2187;2020-08-16 15:00:00;304.09204
2188;2020-08-16 16:00:00;303.3134
2189;2020-08-16 17:00:00;301.93005
2190;2020-08-16 18:00:00;300.31747
2191;2020-08-16 19:00:00;298.89856
2192;2020-08-16 20:00:00;297.50446
2193;2020-08-16 21:00:00;296.28647
2194;2020-08-16 22:00:00;295.0637
2195;2020-08-16 23:00:00;294.22964
2196;2020-08-17 00:00:00;293.37936
2197;2020-08-17 01:00:00;292.72522
2198;2020-08-17 02:00:00;292.16385
2199;2020-08-17 03:00:00;291.3596
2200;2020-08-17 04:00:00;291.23334
2201;2020-08-17 05:00:00;290.80084
2202;2020-08-17 06:00:00;291.54758
2203;2020-08-17 07:00:00;292.86063
2204;2020-08-17 08:00:00;295.17032
2205;2020-08-17 09:00:00;298.04605
2206;2020-08-17 10:00:00;299.7809
2207;2020-08-17 11:00:00;301.9078
2208;2020-08-17 12:00:00;302.3946
2209;2020-08-17 13:00:00;303.49445
2210;2020-08-17 14:00:00;303.0368
2211;2020-08-17 15:00:00;299.21902
2212;2020-08-17 16:00:00;298.2609
2213;2020-08-17 17:00:00;297.38553
2214;2020-08-17 18:00:00;297.36304
2215;2020-08-17 19:00:00;296.26645
2216;2020-08-17 20:00:00;295.6324
2217;2020-08-17 21:00:00;294.84784
2218;2020-08-17 22:00:00;294.13544
2219;2020-08-17 23:00:00;293.817
2220;2020-08-18 00:00:00;293.79446
2221;2020-08-18 01:00:00;293.33072
2222;2020-08-18 02:00:00;293.17065
2223;2020-08-18 03:00:00;292.10916
2224;2020-08-18 04:00:00;291.86465
2225;2020-08-18 05:00:00;291.96448
2226;2020-08-18 06:00:00;292.37427
2227;2020-08-18 07:00:00;293.0953
2228;2020-08-18 08:00:00;294.2224
2229;2020-08-18 09:00:00;295.21945
2230;2020-08-18 10:00:00;295.23047
2231;2020-08-18 11:00:00;297.48944
2232;2020-08-18 12:00:00;298.80075
2233;2020-08-18 13:00:00;298.89096
2234;2020-08-18 14:00:00;297.40173
2235;2020-08-18 15:00:00;296.75793
2236;2020-08-18 16:00:00;296.2236
2237;2020-08-18 17:00:00;295.38516
2238;2020-08-18 18:00:00;294.38208
2239;2020-08-18 19:00:00;293.7362
2240;2020-08-18 20:00:00;293.2554
2241;2020-08-18 21:00:00;293.16528
2242;2020-08-18 22:00:00;292.5528
2243;2020-08-18 23:00:00;292.17676
2244;2020-08-19 00:00:00;291.01456
2245;2020-08-19 01:00:00;290.78958
2246;2020-08-19 02:00:00;290.69266
2247;2020-08-19 03:00:00;291.17746
2248;2020-08-19 04:00:00;290.6451
2249;2020-08-19 05:00:00;290.3061
2250;2020-08-19 06:00:00;290.2093
2251;2020-08-19 07:00:00;291.78024
2252;2020-08-19 08:00:00;293.77036
2253;2020-08-19 09:00:00;295.65897
2254;2020-08-19 10:00:00;297.23087
2255;2020-08-19 11:00:00;298.61597
2256;2020-08-19 12:00:00;298.8132
2257;2020-08-19 13:00:00;299.7254
2258;2020-08-19 14:00:00;299.49823
2259;2020-08-19 15:00:00;299.57828
2260;2020-08-19 16:00:00;299.1706
2261;2020-08-19 17:00:00;298.48676
2262;2020-08-19 18:00:00;297.20325
2263;2020-08-19 19:00:00;296.49927
2264;2020-08-19 20:00:00;296.18338
2265;2020-08-19 21:00:00;294.49207
2266;2020-08-19 22:00:00;293.67407
2267;2020-08-19 23:00:00;292.78976
2268;2020-08-20 00:00:00;292.30887
2269;2020-08-20 01:00:00;291.98764
2270;2020-08-20 02:00:00;291.86182
2271;2020-08-20 03:00:00;291.56622
2272;2020-08-20 04:00:00;291.50812
2273;2020-08-20 05:00:00;291.42642
2274;2020-08-20 06:00:00;291.50247
2275;2020-08-20 07:00:00;292.13147
2276;2020-08-20 08:00:00;293.25076
2277;2020-08-20 09:00:00;293.85153
2278;2020-08-20 10:00:00;294.1917
2279;2020-08-20 11:00:00;294.80627
2280;2020-08-20 12:00:00;293.7423
2281;2020-08-20 13:00:00;294.38373
2282;2020-08-20 14:00:00;295.57742
2283;2020-08-20 15:00:00;296.44427
2284;2020-08-20 16:00:00;297.22314
2285;2020-08-20 17:00:00;297.17264
2286;2020-08-20 18:00:00;296.46344
2287;2020-08-20 19:00:00;295.61264
2288;2020-08-20 20:00:00;295.2228
2289;2020-08-20 21:00:00;295.4316
2290;2020-08-20 22:00:00;294.8691
2291;2020-08-20 23:00:00;294.7232
2292;2020-08-21 00:00:00;294.62158
2293;2020-08-21 01:00:00;294.534
2294;2020-08-21 02:00:00;294.48422
2295;2020-08-21 03:00:00;294.69516
2296;2020-08-21 04:00:00;294.3581
2297;2020-08-21 05:00:00;294.84735
2298;2020-08-21 06:00:00;295.52115
2299;2020-08-21 07:00:00;295.94086
2300;2020-08-21 08:00:00;296.4163
2301;2020-08-21 09:00:00;297.1345
2302;2020-08-21 10:00:00;297.91275
2303;2020-08-21 11:00:00;298.23575
2304;2020-08-21 12:00:00;298.19144
2305;2020-08-21 13:00:00;298.65945
2306;2020-08-21 14:00:00;298.63995
2307;2020-08-21 15:00:00;299.277
2308;2020-08-21 16:00:00;300.02686
2309;2020-08-21 17:00:00;299.2052
2310;2020-08-21 18:00:00;296.29327
2311;2020-08-21 19:00:00;295.71616
2312;2020-08-21 20:00:00;294.81818
2313;2020-08-21 21:00:00;295.32922
2314;2020-08-21 22:00:00;295.30322
2315;2020-08-21 23:00:00;294.84808
2316;2020-08-22 00:00:00;293.7769
2317;2020-08-22 01:00:00;293.1538
2318;2020-08-22 02:00:00;292.87286
2319;2020-08-22 03:00:00;292.52872
2320;2020-08-22 04:00:00;292.39786
2321;2020-08-22 05:00:00;292.37228
2322;2020-08-22 06:00:00;293.02597
2323;2020-08-22 07:00:00;294.38602
2324;2020-08-22 08:00:00;296.05066
2325;2020-08-22 09:00:00;296.92368
2326;2020-08-22 10:00:00;297.5171
2327;2020-08-22 11:00:00;297.9328
2328;2020-08-22 12:00:00;297.79343
2329;2020-08-22 13:00:00;297.95477
2330;2020-08-22 14:00:00;297.56015
2331;2020-08-22 15:00:00;297.60968
2332;2020-08-22 16:00:00;296.97336
2333;2020-08-22 17:00:00;296.39035
2334;2020-08-22 18:00:00;295.3968
2335;2020-08-22 19:00:00;294.46854
2336;2020-08-22 20:00:00;293.21313
2337;2020-08-22 21:00:00;291.6688
2338;2020-08-22 22:00:00;291.14517
2339;2020-08-22 23:00:00;290.89734
2340;2020-08-23 00:00:00;290.17017
2341;2020-08-23 01:00:00;290.1232
2342;2020-08-23 02:00:00;289.84805
2343;2020-08-23 03:00:00;289.24127
2344;2020-08-23 04:00:00;288.6654
2345;2020-08-23 05:00:00;288.5607
2346;2020-08-23 06:00:00;289.12332
2347;2020-08-23 07:00:00;290.41116
2348;2020-08-23 08:00:00;291.5518
2349;2020-08-23 09:00:00;292.46143
2350;2020-08-23 10:00:00;293.91727
2351;2020-08-23 11:00:00;294.08102
2352;2020-08-23 12:00:00;293.95532
2353;2020-08-23 13:00:00;295.03107
2354;2020-08-23 14:00:00;293.80487
2355;2020-08-23 15:00:00;293.6989
2356;2020-08-23 16:00:00;293.92706
2357;2020-08-23 17:00:00;293.6464
2358;2020-08-23 18:00:00;292.50793
2359;2020-08-23 19:00:00;292.06982
2360;2020-08-23 20:00:00;291.46396
2361;2020-08-23 21:00:00;290.1705
2362;2020-08-23 22:00:00;289.49765
2363;2020-08-23 23:00:00;289.27502
2364;2020-08-24 00:00:00;288.66953
2365;2020-08-24 01:00:00;288.7295
2366;2020-08-24 02:00:00;288.1897
2367;2020-08-24 03:00:00;288.0239
2368;2020-08-24 04:00:00;287.96445
2369;2020-08-24 05:00:00;287.94653
2370;2020-08-24 06:00:00;288.35114
2371;2020-08-24 07:00:00;289.43997
2372;2020-08-24 08:00:00;289.6909
2373;2020-08-24 09:00:00;290.29425
2374;2020-08-24 10:00:00;289.368
2375;2020-08-24 11:00:00;290.41772
2376;2020-08-24 12:00:00;291.74158
2377;2020-08-24 13:00:00;292.55865
2378;2020-08-24 14:00:00;290.67368
2379;2020-08-24 15:00:00;289.84122
2380;2020-08-24 16:00:00;290.34302
2381;2020-08-24 17:00:00;289.92023
2382;2020-08-24 18:00:00;289.9476
2383;2020-08-24 19:00:00;289.71365
2384;2020-08-24 20:00:00;288.9132
2385;2020-08-24 21:00:00;287.7814
2386;2020-08-24 22:00:00;287.9896
2387;2020-08-24 23:00:00;287.9115
2388;2020-08-25 00:00:00;287.85684
2389;2020-08-25 01:00:00;286.89844
2390;2020-08-25 02:00:00;287.20624
2391;2020-08-25 03:00:00;285.81696
2392;2020-08-25 04:00:00;285.33762
2393;2020-08-25 05:00:00;285.3097
2394;2020-08-25 06:00:00;285.62875
2395;2020-08-25 07:00:00;287.05038
2396;2020-08-25 08:00:00;288.73795
2397;2020-08-25 09:00:00;290.41016
2398;2020-08-25 10:00:00;291.82748
2399;2020-08-25 11:00:00;292.93347
